method,path,host,group,name,url,doc_slug,evidence
,/app_group/sdk_authentication/create,rest.iad-01.braze.com,api,Create SDK Authentication key,https://www.braze.com/docs/api/endpoints/sdk_authentication/post_create_sdk_authentication_key,docs__api__endpoints__sdk_authentication__post_create_sdk_authentication_key,documented (published API reference)
,/app_group/sdk_authentication/delete,rest.iad-01.braze.com,api,Delete SDK Authentication key,https://www.braze.com/docs/api/endpoints/sdk_authentication/delete_sdk_authentication_key,docs__api__endpoints__sdk_authentication__delete_sdk_authentication_key,documented (published API reference)
,/app_group/sdk_authentication/keys,rest.iad-01.braze.com,api,List SDK Authentication keys,https://www.braze.com/docs/api/endpoints/sdk_authentication/get_sdk_authentication_keys,docs__api__endpoints__sdk_authentication__get_sdk_authentication_keys,documented (published API reference)
,/app_group/sdk_authentication/primary,rest.iad-01.braze.com,api,Set primary SDK Authentication key,https://www.braze.com/docs/api/endpoints/sdk_authentication/put_primary_sdk_authentication_key,docs__api__endpoints__sdk_authentication__put_primary_sdk_authentication_key,documented (published API reference)
,/apps/push_credential/update,rest.iad-01.braze.com,api,Update push credentials,https://www.braze.com/docs/api/endpoints/apps/post_update_push_credential,docs__api__endpoints__apps__post_update_push_credential,documented (published API reference)
,/campaigns/data_series,rest.iad-01.braze.com,api,Export campaign analytics,https://www.braze.com/docs/api/endpoints/export/campaigns/get_campaign_analytics,docs__api__endpoints__export__campaigns__get_campaign_analytics,documented (published API reference)
,/campaigns/details,rest.iad-01.braze.com,api,Export campaign details,https://www.braze.com/docs/api/endpoints/export/campaigns/get_campaign_details,docs__api__endpoints__export__campaigns__get_campaign_details,documented (published API reference)
,/campaigns/list,rest.iad-01.braze.com,api,Export campaigns list,https://www.braze.com/docs/api/endpoints/export/campaigns/get_campaigns,docs__api__endpoints__export__campaigns__get_campaigns,documented (published API reference)
,/campaigns/translations,rest.iad-03.braze.com,api,View all translations for a campaign,https://www.braze.com/docs/api/endpoints/translations/campaigns/get_translation_campaign,docs__api__endpoints__translations__campaigns__get_translation_campaign,documented (published API reference)
,/campaigns/translations/source,rest.iad-03.braze.com,api,View default source values for a campaign’s translation tags,https://www.braze.com/docs/api/endpoints/translations/campaigns/get_source_campaign,docs__api__endpoints__translations__campaigns__get_source_campaign,documented (published API reference)
,/campaigns/trigger/schedule/create,rest.iad-01.braze.com,api,Schedule API-triggered campaigns,https://www.braze.com/docs/api/endpoints/messaging/schedule_messages/post_schedule_triggered_campaigns,docs__api__endpoints__messaging__schedule_messages__post_schedule_triggered_campaigns,documented (published API reference)
,/campaigns/trigger/schedule/delete,rest.iad-01.braze.com,api,Delete scheduled API-triggered campaigns,https://www.braze.com/docs/api/endpoints/messaging/schedule_messages/post_delete_scheduled_triggered_messages,docs__api__endpoints__messaging__schedule_messages__post_delete_scheduled_triggered_messages,documented (published API reference)
,/campaigns/trigger/schedule/update,rest.iad-01.braze.com,api,Update scheduled API-triggered campaigns,https://www.braze.com/docs/api/endpoints/messaging/schedule_messages/post_update_scheduled_triggered_campaigns,docs__api__endpoints__messaging__schedule_messages__post_update_scheduled_triggered_campaigns,documented (published API reference)
,/campaigns/trigger/send,rest.iad-01.braze.com,api,Send campaign messages using API-triggered delivery,https://www.braze.com/docs/api/endpoints/messaging/send_messages/post_send_triggered_campaigns,docs__api__endpoints__messaging__send_messages__post_send_triggered_campaigns,documented (published API reference)
,/canvas/data_series,rest.iad-01.braze.com,api,Export Canvas data series analytics,https://www.braze.com/docs/api/endpoints/export/canvas/get_canvas_analytics,docs__api__endpoints__export__canvas__get_canvas_analytics,documented (published API reference)
,/canvas/data_summary,rest.iad-01.braze.com,api,Export Canvas data summary analytics,https://www.braze.com/docs/api/endpoints/export/canvas/get_canvas_analytics_summary,docs__api__endpoints__export__canvas__get_canvas_analytics_summary,documented (published API reference)
,/canvas/details,rest.iad-01.braze.com,api,Export Canvas details,https://www.braze.com/docs/api/endpoints/export/canvas/get_canvas_details,docs__api__endpoints__export__canvas__get_canvas_details,documented (published API reference)
,/canvas/list,rest.iad-01.braze.com,api,Export Canvas list,https://www.braze.com/docs/api/endpoints/export/canvas/get_canvases,docs__api__endpoints__export__canvas__get_canvases,documented (published API reference)
,/canvas/translations/,rest.iad-03.braze.com,api,View translation for a Canvas,https://www.braze.com/docs/api/endpoints/translations/canvas/get_translation_canvas,docs__api__endpoints__translations__canvas__get_translation_canvas,documented (published API reference)
,/canvas/translations/source,rest.iad-03.braze.com,api,View default source values for a canvas’s translation tags,https://www.braze.com/docs/api/endpoints/translations/canvas/get_source_canvas,docs__api__endpoints__translations__canvas__get_source_canvas,documented (published API reference)
,/canvas/trigger/schedule/create,rest.iad-01.braze.com,api,Schedule API-triggered Canvases,https://www.braze.com/docs/api/endpoints/messaging/schedule_messages/post_schedule_triggered_canvases,docs__api__endpoints__messaging__schedule_messages__post_schedule_triggered_canvases,documented (published API reference)
,/canvas/trigger/schedule/delete,rest.iad-01.braze.com,api,Delete scheduled API-triggered Canvases,https://www.braze.com/docs/api/endpoints/messaging/schedule_messages/post_delete_scheduled_triggered_canvases,docs__api__endpoints__messaging__schedule_messages__post_delete_scheduled_triggered_canvases,documented (published API reference)
,/canvas/trigger/schedule/update,rest.iad-01.braze.com,api,Update scheduled API-triggered Canvases,https://www.braze.com/docs/api/endpoints/messaging/schedule_messages/post_update_scheduled_triggered_canvases,docs__api__endpoints__messaging__schedule_messages__post_update_scheduled_triggered_canvases,documented (published API reference)
,/canvas/trigger/send,rest.iad-01.braze.com,api,Send Canvas messages using API-triggered delivery,https://www.braze.com/docs/api/endpoints/messaging/send_messages/post_send_triggered_canvases,docs__api__endpoints__messaging__send_messages__post_send_triggered_canvases,documented (published API reference)
,/catalogs,rest.iad-03.braze.com,api,List catalogs,https://www.braze.com/docs/api/endpoints/catalogs/catalog_management/synchronous/get_list_catalogs,docs__api__endpoints__catalogs__catalog_management__synchronous__get_list_catalogs,documented (published API reference)
,/catalogs/dishware/items,rest.iad-03.braze.com,api,API use cases,https://www.braze.com/docs/api/use_cases,docs__api__use_cases,documented (published API reference)
,/catalogs/restaurants,rest.iad-03.braze.com,api,Delete catalog,https://www.braze.com/docs/api/endpoints/catalogs/catalog_management/synchronous/delete_catalog,docs__api__endpoints__catalogs__catalog_management__synchronous__delete_catalog,documented (published API reference)
,/catalogs/restaurants/fields,rest.iad-03.braze.com,api,Create catalog fields,https://www.braze.com/docs/api/endpoints/catalogs/catalog_fields/asynchronous/post_create_catalog_fields,docs__api__endpoints__catalogs__catalog_fields__asynchronous__post_create_catalog_fields,documented (published API reference)
,/catalogs/restaurants/fields/ratings,rest.iad-03.braze.com,api,Delete catalog field,https://www.braze.com/docs/api/endpoints/catalogs/catalog_fields/asynchronous/delete_catalog_field,docs__api__endpoints__catalogs__catalog_fields__asynchronous__delete_catalog_field,documented (published API reference)
,/catalogs/restaurants/items,rest.iad-03.braze.com,api,Delete multiple catalog items,https://www.braze.com/docs/api/endpoints/catalogs/catalog_items/asynchronous/delete_catalog_items_bulk,docs__api__endpoints__catalogs__catalog_items__asynchronous__delete_catalog_items_bulk,documented (published API reference)
,/catalogs/restaurants/items/restaurant1,rest.iad-03.braze.com,api,Delete a catalog item,https://www.braze.com/docs/api/endpoints/catalogs/catalog_items/synchronous/delete_catalog_item,docs__api__endpoints__catalogs__catalog_items__synchronous__delete_catalog_item,documented (published API reference)
,/catalogs/restaurants/selections,rest.iad-03.braze.com,api,Create catalog selection,https://www.braze.com/docs/api/endpoints/catalogs/catalog_selections/asynchronous/post_create_catalog_selections,docs__api__endpoints__catalogs__catalog_selections__asynchronous__post_create_catalog_selections,documented (published API reference)
,/catalogs/restaurants/selections/favorite_list,rest.iad-03.braze.com,api,Delete catalog selection,https://www.braze.com/docs/api/endpoints/catalogs/catalog_selections/asynchronous/delete_catalog_selection,docs__api__endpoints__catalogs__catalog_selections__asynchronous__delete_catalog_selection,documented (published API reference)
,/cdi/integrations,rest.iad-03.braze.com,api,List integrations,https://www.braze.com/docs/api/endpoints/cdi/get_integration_list,docs__api__endpoints__cdi__get_integration_list,documented (published API reference)
,/cdi/integrations/00000000-0000-0000-0000-000000000000/job_sync_status,rest.iad-03.braze.com,api,List job sync status,https://www.braze.com/docs/api/endpoints/cdi/get_job_sync_status,docs__api__endpoints__cdi__get_job_sync_status,documented (published API reference)
,/cdi/integrations/00000000-0000-0000-0000-000000000000/sync,rest.iad-03.braze.com,api,Trigger a sync,https://www.braze.com/docs/api/endpoints/cdi/post_job_sync,docs__api__endpoints__cdi__post_job_sync,documented (published API reference)
,/content_blocks/create,rest.iad-01.braze.com,api,Create Content Block,https://www.braze.com/docs/api/endpoints/templates/content_blocks_templates/post_create_email_content_block,docs__api__endpoints__templates__content_blocks_templates__post_create_email_content_block,documented (published API reference)
,/content_blocks/info,rest.iad-01.braze.com,api,See Content Block information,https://www.braze.com/docs/api/endpoints/templates/content_blocks_templates/get_see_email_content_blocks_information,docs__api__endpoints__templates__content_blocks_templates__get_see_email_content_blocks_information,documented (published API reference)
,/content_blocks/list,rest.iad-01.braze.com,api,List available Content Blocks,https://www.braze.com/docs/api/endpoints/templates/content_blocks_templates/get_list_email_content_blocks,docs__api__endpoints__templates__content_blocks_templates__get_list_email_content_blocks,documented (published API reference)
,/content_blocks/translations,rest.iad-03.braze.com,api,View all translations for a Content Block,https://www.braze.com/docs/api/endpoints/translations/content_blocks/get_translation_content_block,docs__api__endpoints__translations__content_blocks__get_translation_content_block,documented (published API reference)
,/content_blocks/translations/source,rest.iad-03.braze.com,api,View default source values for a Content Block’s translation tags,https://www.braze.com/docs/api/endpoints/translations/content_blocks/get_source_content_block,docs__api__endpoints__translations__content_blocks__get_source_content_block,documented (published API reference)
,/content_blocks/update,rest.iad-01.braze.com,api,Update Content Block,https://www.braze.com/docs/api/endpoints/templates/content_blocks_templates/post_update_content_block,docs__api__endpoints__templates__content_blocks_templates__post_update_content_block,documented (published API reference)
,/custom_attributes,rest.iad-01.braze.com,api,Export custom attributes,https://www.braze.com/docs/api/endpoints/export/custom_attributes/get_custom_attributes,docs__api__endpoints__export__custom_attributes__get_custom_attributes,documented (published API reference)
,/custom_attributes,rest.iad-03.braze.com,api,Export custom attributes,https://www.braze.com/docs/api/endpoints/export/custom_attributes/get_custom_attributes,docs__api__endpoints__export__custom_attributes__get_custom_attributes,documented (published API reference)
,/data_objects/objects/account,rest.iad-01.braze.com,api,List data objects,https://www.braze.com/docs/api/endpoints/data_objects/objects/get_list_data_objects,docs__api__endpoints__data_objects__objects__get_list_data_objects,documented (published API reference)
,/data_objects/objects/account/acct-123,rest.iad-01.braze.com,api,Delete data object,https://www.braze.com/docs/api/endpoints/data_objects/objects/delete_data_object,docs__api__endpoints__data_objects__objects__delete_data_object,documented (published API reference)
GET,/data_objects/objects/account/acct-123/object_relationships,,api,Data Objects Endpoints,https://www.braze.com/docs/api/endpoints/data_objects,docs__api__endpoints__data_objects,documented (published API reference)
,/data_objects/objects/account/acct-123/object_relationships,rest.iad-01.braze.com,api,Delete object relationship,https://www.braze.com/docs/api/endpoints/data_objects/object_relationships/delete_object_relationship,docs__api__endpoints__data_objects__object_relationships__delete_object_relationship,documented (published API reference)
GET,/data_objects/objects/account/acct-123/user_relationships,,api,Data Objects Endpoints,https://www.braze.com/docs/api/endpoints/data_objects,docs__api__endpoints__data_objects,documented (published API reference)
,/data_objects/objects/account/acct-123/user_relationships,rest.iad-01.braze.com,api,List user relationships,https://www.braze.com/docs/api/endpoints/data_objects/user_relationships/get_list_user_relationships,docs__api__endpoints__data_objects__user_relationships__get_list_user_relationships,documented (published API reference)
,/data_objects/objects/account/acct-123/users,rest.iad-01.braze.com,api,Delete user relationship,https://www.braze.com/docs/api/endpoints/data_objects/user_relationships/delete_user_relationship,docs__api__endpoints__data_objects__user_relationships__delete_user_relationship,documented (published API reference)
GET,/data_objects/objects/account/acct-456/object_relationships,,api,Data Objects Endpoints,https://www.braze.com/docs/api/endpoints/data_objects,docs__api__endpoints__data_objects,documented (published API reference)
GET,/data_objects/objects/{type_name}/{external_id}/user_relationships,,api,Data Objects Endpoints,https://www.braze.com/docs/api/endpoints/data_objects,docs__api__endpoints__data_objects,documented (published API reference)
DELETE,/data_objects/objects/{type_name}/{external_id}/users,,api,Data Objects Endpoints,https://www.braze.com/docs/api/endpoints/data_objects,docs__api__endpoints__data_objects,documented (published API reference)
,/data_objects/types,rest.iad-01.braze.com,api,List data object types,https://www.braze.com/docs/api/endpoints/data_objects/types/get_list_data_object_types,docs__api__endpoints__data_objects__types__get_list_data_object_types,documented (published API reference)
,/data_objects/types/account,rest.iad-01.braze.com,api,Get data object type,https://www.braze.com/docs/api/endpoints/data_objects/types/get_data_object_type,docs__api__endpoints__data_objects__types__get_data_object_type,documented (published API reference)
,/data_objects/types/account/object_relationship_types,rest.iad-01.braze.com,api,List object relationship types,https://www.braze.com/docs/api/endpoints/data_objects/types/get_list_object_relationship_types,docs__api__endpoints__data_objects__types__get_list_object_relationship_types,documented (published API reference)
,/data_objects/types/account/user_relationship_types,rest.iad-01.braze.com,api,List user relationship types,https://www.braze.com/docs/api/endpoints/data_objects/types/get_list_user_relationship_types,docs__api__endpoints__data_objects__types__get_list_user_relationship_types,documented (published API reference)
GET,/data_objects/types/{type_name}/object_relationship_types,,api,Data Objects Endpoints,https://www.braze.com/docs/api/endpoints/data_objects,docs__api__endpoints__data_objects,documented (published API reference)
GET,/data_objects/types/{type_name}/user_relationship_types,,api,Data Objects Endpoints,https://www.braze.com/docs/api/endpoints/data_objects,docs__api__endpoints__data_objects,documented (published API reference)
,/email/blacklist,rest.iad-01.braze.com,api,Blacklist emails,https://www.braze.com/docs/api/endpoints/email/post_blacklist,docs__api__endpoints__email__post_blacklist,documented (published API reference)
,/email/blocklist,rest.iad-01.braze.com,api,Blocklist emails,https://www.braze.com/docs/api/endpoints/email/post_blocklist,docs__api__endpoints__email__post_blocklist,documented (published API reference)
,/email/bounce/remove,rest.iad-01.braze.com,api,Remove hard bounced emails,https://www.braze.com/docs/api/endpoints/email/post_remove_hard_bounces,docs__api__endpoints__email__post_remove_hard_bounces,documented (published API reference)
,/email/hard_bounces,rest.iad-01.braze.com,api,Query hard bounced emails,https://www.braze.com/docs/api/endpoints/email/get_list_hard_bounces,docs__api__endpoints__email__get_list_hard_bounces,documented (published API reference)
,/email/spam/remove,rest.iad-01.braze.com,api,Remove email addresses from spam list,https://www.braze.com/docs/api/endpoints/email/post_remove_spam,docs__api__endpoints__email__post_remove_spam,documented (published API reference)
,/email/status,rest.iad-01.braze.com,api,Change email subscription status,https://www.braze.com/docs/api/endpoints/email/post_email_subscription_status,docs__api__endpoints__email__post_email_subscription_status,documented (published API reference)
,/email/unsubscribes,rest.iad-01.braze.com,api,Query list of unsubscribed email addresses,https://www.braze.com/docs/api/endpoints/email/get_query_unsubscribed_email_addresses,docs__api__endpoints__email__get_query_unsubscribed_email_addresses,documented (published API reference)
,/events,rest.iad-01.braze.com,api,Export custom events,https://www.braze.com/docs/api/endpoints/export/custom_events/get_custom_events_data,docs__api__endpoints__export__custom_events__get_custom_events_data,documented (published API reference)
,/events,rest.iad-03.braze.com,api,Export custom events,https://www.braze.com/docs/api/endpoints/export/custom_events/get_custom_events_data,docs__api__endpoints__export__custom_events__get_custom_events_data,documented (published API reference)
,/events/data_series,rest.iad-01.braze.com,api,Export custom events analytics,https://www.braze.com/docs/api/endpoints/export/custom_events/get_custom_events_analytics,docs__api__endpoints__export__custom_events__get_custom_events_analytics,documented (published API reference)
,/events/list,rest.iad-01.braze.com,api,Export custom events list,https://www.braze.com/docs/api/endpoints/export/custom_events/get_custom_events,docs__api__endpoints__export__custom_events__get_custom_events,documented (published API reference)
,/export/segment/cancel,rest.iad-01.braze.com,api,Cancel exports by segment,https://www.braze.com/docs/api/endpoints/export/segments/post_cancel_export,docs__api__endpoints__export__segments__post_cancel_export,documented (published API reference)
,/fcm/send,fcm.googleapis.com,api,User attributes object,https://www.braze.com/docs/api/objects_filters/user_attributes_object,docs__api__objects_filters__user_attributes_object,documented (published API reference)
,/kpi/dau/data_series,rest.iad-01.braze.com,api,Export daily active users by date,https://www.braze.com/docs/api/endpoints/export/kpi/get_kpi_dau_date,docs__api__endpoints__export__kpi__get_kpi_dau_date,documented (published API reference)
,/kpi/mau/data_series,rest.iad-01.braze.com,api,Export monthly active users for last 30 days,https://www.braze.com/docs/api/endpoints/export/kpi/get_kpi_mau_30_days,docs__api__endpoints__export__kpi__get_kpi_mau_30_days,documented (published API reference)
,/kpi/new_users/data_series,rest.iad-01.braze.com,api,Export daily new users by date,https://www.braze.com/docs/api/endpoints/export/kpi/get_kpi_daily_new_users_date,docs__api__endpoints__export__kpi__get_kpi_daily_new_users_date,documented (published API reference)
,/kpi/uninstalls/data_series,rest.iad-01.braze.com,api,Export KPIs for daily app uninstalls by date,https://www.braze.com/docs/api/endpoints/export/kpi/get_kpi_uninstalls_date,docs__api__endpoints__export__kpi__get_kpi_uninstalls_date,documented (published API reference)
,/media_library/create,rest.iad-01.braze.com,api,Upload an asset to the media library,https://www.braze.com/docs/api/endpoints/media_library/manage_assets/create,docs__api__endpoints__media_library__manage_assets__create,documented (published API reference)
,/media_library/replace_file,rest.iad-01.braze.com,api,Replace an asset in the media library,https://www.braze.com/docs/api/endpoints/media_library/manage_assets/replace_file,docs__api__endpoints__media_library__manage_assets__replace_file,documented (published API reference)
,/messages/live_activity/start,rest.iad-01.braze.com,api,Start Live Activity,https://www.braze.com/docs/api/endpoints/messaging/live_activity/start,docs__api__endpoints__messaging__live_activity__start,documented (published API reference)
,/messages/live_activity/update,rest.iad-01.braze.com,api,Update Live Activity,https://www.braze.com/docs/api/endpoints/messaging/live_activity/update,docs__api__endpoints__messaging__live_activity__update,documented (published API reference)
,/messages/schedule/create,rest.iad-01.braze.com,api,Create scheduled messages,https://www.braze.com/docs/api/endpoints/messaging/schedule_messages/post_schedule_messages,docs__api__endpoints__messaging__schedule_messages__post_schedule_messages,documented (published API reference)
,/messages/schedule/delete,rest.iad-01.braze.com,api,Delete scheduled messages,https://www.braze.com/docs/api/endpoints/messaging/schedule_messages/post_delete_scheduled_messages,docs__api__endpoints__messaging__schedule_messages__post_delete_scheduled_messages,documented (published API reference)
,/messages/schedule/update,rest.iad-01.braze.com,api,Update scheduled messages,https://www.braze.com/docs/api/endpoints/messaging/schedule_messages/post_update_scheduled_messages,docs__api__endpoints__messaging__schedule_messages__post_update_scheduled_messages,documented (published API reference)
,/messages/scheduled_broadcasts,rest.iad-01.braze.com,api,List upcoming scheduled campaigns and Canvases,https://www.braze.com/docs/api/endpoints/messaging/schedule_messages/get_messages_scheduled,docs__api__endpoints__messaging__schedule_messages__get_messages_scheduled,documented (published API reference)
,/messages/send,rest.iad-01.braze.com,api,Send messages immediately using the API only,https://www.braze.com/docs/api/endpoints/messaging/send_messages/post_send_messages,docs__api__endpoints__messaging__send_messages__post_send_messages,documented (published API reference)
,/preference_center/v1/,rest.iad-01.braze.com,api,Generate preference center URL,https://www.braze.com/docs/api/endpoints/preference_center/get_create_url_preference_center,docs__api__endpoints__preference_center__get_create_url_preference_center,documented (published API reference)
,/preference_center/v1/list,rest.iad-01.braze.com,api,List preference centers,https://www.braze.com/docs/api/endpoints/preference_center/get_list_preference_center,docs__api__endpoints__preference_center__get_list_preference_center,documented (published API reference)
,/preference_center/v1/politer_weekly_preference_center_api_id,rest.iad-01.braze.com,api,API use cases,https://www.braze.com/docs/api/use_cases,docs__api__use_cases,documented (published API reference)
,/preference_center/v1/preference_center_external_id,rest.iad-01.braze.com,api,View details for preference center,https://www.braze.com/docs/api/endpoints/preference_center/get_view_details_preference_center,docs__api__endpoints__preference_center__get_view_details_preference_center,documented (published API reference)
,/preference_center/v1/{preferenceCenterExternalId},rest.iad-01.braze.com,api,Update preference center,https://www.braze.com/docs/api/endpoints/preference_center/put_update_preference_center,docs__api__endpoints__preference_center__put_update_preference_center,documented (published API reference)
,/purchases/product_list,rest.iad-01.braze.com,api,Export product IDs,https://www.braze.com/docs/api/endpoints/export/purchases/get_list_product_id,docs__api__endpoints__export__purchases__get_list_product_id,documented (published API reference)
,/purchases/quantity_series,rest.iad-01.braze.com,api,Export number of purchases,https://www.braze.com/docs/api/endpoints/export/purchases/get_number_of_purchases,docs__api__endpoints__export__purchases__get_number_of_purchases,documented (published API reference)
,/purchases/revenue_series,rest.iad-01.braze.com,api,Export revenue data by time,https://www.braze.com/docs/api/endpoints/export/purchases/get_revenue_series,docs__api__endpoints__export__purchases__get_revenue_series,documented (published API reference)
GET,/scim/v2/Users,,api,Remove dashboard user account,https://www.braze.com/docs/api/endpoints/scim/delete_existing_dashboard_user,docs__api__endpoints__scim__delete_existing_dashboard_user,documented (published API reference)
,/scim/v2/Users,rest.iad-01.braze.com,api,Search existing dashboard user account by email,https://www.braze.com/docs/api/endpoints/scim/get_search_existing_dashboard_user,docs__api__endpoints__scim__get_search_existing_dashboard_user,documented (published API reference)
POST,/scim/v2/Users/,,api,Remove dashboard user account,https://www.braze.com/docs/api/endpoints/scim/delete_existing_dashboard_user,docs__api__endpoints__scim__delete_existing_dashboard_user,documented (published API reference)
,/scim/v2/Users/dfa245b7-24195aec-887bb3ad-602b3340,rest.iad-01.braze.com,api,Remove dashboard user account,https://www.braze.com/docs/api/endpoints/scim/delete_existing_dashboard_user,docs__api__endpoints__scim__delete_existing_dashboard_user,documented (published API reference)
,/segments/data_series,rest.iad-01.braze.com,api,Export segment analytics,https://www.braze.com/docs/api/endpoints/export/segments/get_segment_analytics,docs__api__endpoints__export__segments__get_segment_analytics,documented (published API reference)
,/segments/details,rest.iad-01.braze.com,api,Export segment details,https://www.braze.com/docs/api/endpoints/export/segments/get_segment_details,docs__api__endpoints__export__segments__get_segment_details,documented (published API reference)
,/segments/list,rest.iad-01.braze.com,api,Export segment list,https://www.braze.com/docs/api/endpoints/export/segments/get_segment,docs__api__endpoints__export__segments__get_segment,documented (published API reference)
,/sends/data_series,rest.iad-01.braze.com,api,Export send analytics,https://www.braze.com/docs/api/endpoints/export/campaigns/get_send_analytics,docs__api__endpoints__export__campaigns__get_send_analytics,documented (published API reference)
,/sends/id/create,rest.iad-01.braze.com,api,Create send IDs,https://www.braze.com/docs/api/endpoints/messaging/send_messages/post_create_send_ids,docs__api__endpoints__messaging__send_messages__post_create_send_ids,documented (published API reference)
,/sessions/data_series,rest.iad-01.braze.com,api,Export app session by time,https://www.braze.com/docs/api/endpoints/export/sessions/get_sessions_analytics,docs__api__endpoints__export__sessions__get_sessions_analytics,documented (published API reference)
,/sms/invalid_phone_numbers,rest.iad-01.braze.com,api,Query invalid phone numbers,https://www.braze.com/docs/api/endpoints/sms/get_query_invalid_numbers,docs__api__endpoints__sms__get_query_invalid_numbers,documented (published API reference)
,/sms/invalid_phone_numbers/remove,rest.iad-01.braze.com,api,Remove invalid phone numbers,https://www.braze.com/docs/api/endpoints/sms/post_remove_invalid_numbers,docs__api__endpoints__sms__post_remove_invalid_numbers,documented (published API reference)
,/subscription/status/get,rest.iad-03.braze.com,api,List user’s subscription group status,https://www.braze.com/docs/api/endpoints/subscription_groups/get_list_user_subscription_group_status,docs__api__endpoints__subscription_groups__get_list_user_subscription_group_status,documented (published API reference)
,/subscription/status/get,rest.iad-01.braze.com,api,List user’s subscription group status,https://www.braze.com/docs/api/endpoints/subscription_groups/get_list_user_subscription_group_status,docs__api__endpoints__subscription_groups__get_list_user_subscription_group_status,documented (published API reference)
,/subscription/status/set,rest.iad-01.braze.com,api,Update user’s subscription group status,https://www.braze.com/docs/api/endpoints/subscription_groups/post_update_user_subscription_group_status,docs__api__endpoints__subscription_groups__post_update_user_subscription_group_status,documented (published API reference)
,/subscription/user/status,rest.iad-03.braze.com,api,List user’s subscription groups,https://www.braze.com/docs/api/endpoints/subscription_groups/get_list_user_subscription_groups,docs__api__endpoints__subscription_groups__get_list_user_subscription_groups,documented (published API reference)
,/subscription/user/status,rest.iad-01.braze.com,api,List user’s subscription groups,https://www.braze.com/docs/api/endpoints/subscription_groups/get_list_user_subscription_groups,docs__api__endpoints__subscription_groups__get_list_user_subscription_groups,documented (published API reference)
,/templates/email/create,rest.iad-01.braze.com,api,Create email template,https://www.braze.com/docs/api/endpoints/templates/email_templates/post_create_email_template,docs__api__endpoints__templates__email_templates__post_create_email_template,documented (published API reference)
,/templates/email/info,rest.iad-01.braze.com,api,See email template information,https://www.braze.com/docs/api/endpoints/templates/email_templates/get_see_email_template_information,docs__api__endpoints__templates__email_templates__get_see_email_template_information,documented (published API reference)
,/templates/email/list,rest.iad-01.braze.com,api,List available email templates,https://www.braze.com/docs/api/endpoints/templates/email_templates/get_list_email_templates,docs__api__endpoints__templates__email_templates__get_list_email_templates,documented (published API reference)
,/templates/email/translations/,rest.iad-03.braze.com,api,View all translations and locales for an email template,https://www.braze.com/docs/api/endpoints/translations/email_templates/get_view_translation_template,docs__api__endpoints__translations__email_templates__get_view_translation_template,documented (published API reference)
,/templates/email/translations/source,rest.iad-03.braze.com,api,View the source translations for an email template,https://www.braze.com/docs/api/endpoints/translations/email_templates/get_view_source_template,docs__api__endpoints__translations__email_templates__get_view_source_template,documented (published API reference)
,/templates/email/update,rest.iad-01.braze.com,api,Update existing email templates,https://www.braze.com/docs/api/endpoints/templates/email_templates/post_update_email_template,docs__api__endpoints__templates__email_templates__post_update_email_template,documented (published API reference)
,/templates/translations/email,rest.iad-03.braze.com,api,View a specific translation and locale for email template endpoint,https://www.braze.com/docs/api/endpoints/translations/email_templates/get_view_translation_locale_template,docs__api__endpoints__translations__email_templates__get_view_translation_locale_template,documented (published API reference)
,/templates/webhook/translations,rest.iad-03.braze.com,api,View translations for a webhook template,https://www.braze.com/docs/api/endpoints/translations/webhook_templates/get_view_translations_webhook_template,docs__api__endpoints__translations__webhook_templates__get_view_translations_webhook_template,documented (published API reference)
,/templates/webhook/translations/source,rest.iad-03.braze.com,api,View source translations for a webhook template,https://www.braze.com/docs/api/endpoints/translations/webhook_templates/get_view_source_webhook_template,docs__api__endpoints__translations__webhook_templates__get_view_source_webhook_template,documented (published API reference)
,/transactional/v1/campaigns/{campaign_id}/send,rest.iad-01.braze.com,api,Send transactional emails using API-triggered delivery,https://www.braze.com/docs/api/endpoints/messaging/send_messages/post_send_transactional_message,docs__api__endpoints__messaging__send_messages__post_send_transactional_message,documented (published API reference)
,/users/alias/new,rest.iad-01.braze.com,api,Create new user alias,https://www.braze.com/docs/api/endpoints/user_data/post_user_alias,docs__api__endpoints__user_data__post_user_alias,documented (published API reference)
,/users/alias/update,rest.iad-01.braze.com,api,Update user alias,https://www.braze.com/docs/api/endpoints/user_data/post_users_alias_update,docs__api__endpoints__user_data__post_users_alias_update,documented (published API reference)
,/users/delete,rest.iad-01.braze.com,api,Delete users,https://www.braze.com/docs/api/endpoints/user_data/post_user_delete,docs__api__endpoints__user_data__post_user_delete,documented (published API reference)
,/users/export/global_control_group,rest.iad-01.braze.com,api,Export user profile by Global Control Group,https://www.braze.com/docs/api/endpoints/export/user_data/post_users_global_control_group,docs__api__endpoints__export__user_data__post_users_global_control_group,documented (published API reference)
,/users/export/ids,rest.iad-01.braze.com,api,Export user profile by identifier,https://www.braze.com/docs/api/endpoints/export/user_data/post_users_identifier,docs__api__endpoints__export__user_data__post_users_identifier,documented (published API reference)
,/users/export/segment,rest.iad-01.braze.com,api,Export user profile by segment,https://www.braze.com/docs/api/endpoints/export/user_data/post_users_segment,docs__api__endpoints__export__user_data__post_users_segment,documented (published API reference)
,/users/external_ids/remove,rest.iad-01.braze.com,api,Remove external ID,https://www.braze.com/docs/api/endpoints/user_data/external_id_migration/post_external_ids_remove,docs__api__endpoints__user_data__external_id_migration__post_external_ids_remove,documented (published API reference)
,/users/external_ids/rename,rest.iad-01.braze.com,api,Rename external ID,https://www.braze.com/docs/api/endpoints/user_data/external_id_migration/post_external_ids_rename,docs__api__endpoints__user_data__external_id_migration__post_external_ids_rename,documented (published API reference)
,/users/identify,rest.iad-01.braze.com,api,Identify users,https://www.braze.com/docs/api/endpoints/user_data/post_user_identify,docs__api__endpoints__user_data__post_user_identify,documented (published API reference)
,/users/merge,rest.iad-01.braze.com,api,Merge users,https://www.braze.com/docs/api/endpoints/user_data/post_users_merge,docs__api__endpoints__user_data__post_users_merge,documented (published API reference)
,/users/track,rest.iad-01.braze.com,api,Create and update users,https://www.braze.com/docs/api/endpoints/user_data/post_user_track,docs__api__endpoints__user_data__post_user_track,documented (published API reference)
,/users/track/bulk,rest.iad-01.braze.com,api,Create and update users (bulk),https://www.braze.com/docs/api/endpoints/user_data/post_user_track_bulk,docs__api__endpoints__user_data__post_user_track_bulk,documented (published API reference)
,/users/track/sync,rest.iad-01.braze.com,api,Create and update users (synchronous),https://www.braze.com/docs/api/endpoints/user_data/post_user_track_synchronous,docs__api__endpoints__user_data__post_user_track_synchronous,documented (published API reference)
,/v2/subscription/status/set,rest.iad-01.braze.com,api,Rate limits,https://www.braze.com/docs/api/api_limits,docs__api__api_limits,documented (published API reference)
