id,created_at,resolved_at,minutes,impact,status,name,components,updates,url,evidence
py2lt7v0358t,2026-08-05T12:13:03,2026-08-05T13:54:03,101,minor,resolved,Issue Impacting US 01 and US 03,Dashboard|Dashboard|REST APIs|REST APIs,2,https://stspg.io/p1tkmr22mpsc,company-own (operational)
lj49g8hrpwhd,2026-08-04T03:00:00,2026-08-04T04:00:00,60,maintenance,resolved,[Scheduled] US 05 Database Maintenance,,,https://braze.statuspage.io/incidents/lj49g8hrpwhd,company-own (operational)
3qkg01kg7sjd,2026-08-03T03:00:00,2026-08-03T04:00:00,60,maintenance,resolved,[Scheduled] US 02 Database Maintenance,,,https://braze.statuspage.io/incidents/3qkg01kg7sjd,company-own (operational)
1nt3f10mxrlc,2026-07-31T11:00:00,2026-07-31T12:00:00,60,maintenance,resolved,[Scheduled] JP 01 Database Maintenance,,,https://braze.statuspage.io/incidents/1nt3f10mxrlc,company-own (operational)
zvbd3ndgw82g,2026-07-31T10:09:58,2026-07-31T15:25:24,315,minor,resolved,EU02 Currents Data Latency,Currents,4,https://stspg.io/8w09kvyz5kvx,company-own (operational)
zffh11rqskxq,2026-07-30T19:00:00,2026-07-30T20:00:00,60,maintenance,resolved,[Scheduled] EU 01 Database Maintenance,,,https://braze.statuspage.io/incidents/zffh11rqskxq,company-own (operational)
cnbw8grczr99,2026-07-28T23:00:00,2026-07-28T00:00:00,60,maintenance,resolved,[Scheduled] US 06 Database Maintenance,,,https://braze.statuspage.io/incidents/cnbw8grczr99,company-own (operational)
dn437cy6sr7q,2026-07-28T14:00:00,2026-07-28T15:00:00,60,maintenance,resolved,[Scheduled] US 07 Database Maintenance,,,https://braze.statuspage.io/incidents/dn437cy6sr7q,company-own (operational)
4nhzyh2gvbtt,2026-07-24T15:00:00,2026-07-24T15:00:00,0,none,resolved,AWS Networking Disruption in US-WEST-2 (Resolved),,1,https://stspg.io/fw6q4fqcktxh,company-own (operational)
ppp90dtwc25s,2026-07-13T14:43:50,2026-07-13T17:31:20,168,none,resolved,Braze AI Operator Errors,,3,https://stspg.io/hwc4hm2k432m,company-own (operational)
b23ylk1h3qgx,2026-06-12T10:58:09,2026-06-12T14:13:36,195,minor,resolved,WhatsApp Degraded Performance,WhatsApp,3,https://stspg.io/hq3219bnblkd,company-own (operational)
c37y5p7kq87w,2026-05-22T13:45:12,2026-05-22T14:41:36,56,minor,resolved,US01 and EU01 Processing Latency,Data Processing|Data Processing|Outbound Messaging|Outbound Messaging,4,https://stspg.io/pz5025t32lgv,company-own (operational)
g3hb7gy7ngyw,2026-05-08T00:35:15,2026-05-08T01:47:10,72,minor,resolved,US05 Processing Latency,Dashboard|SDK Data Collection|Data Processing|Outbound Messaging,4,https://stspg.io/5yxsdtjjkm44,company-own (operational)
xd76x24wy2nm,2026-05-07T12:38:05,2026-05-07T13:19:37,42,minor,resolved,Agent Console auto model errors,,3,https://stspg.io/54y5scqc728c,company-own (operational)
klqfbypwzdxy,2026-05-07T09:19:01,2026-05-08T08:36:43,1398,minor,resolved,SMS Delivery Delays to Multiple Countries in Europe,SMS,5,https://stspg.io/27xj1gs58z7x,company-own (operational)
9x52j85jcbng,2026-04-20T12:18:57,2026-04-20T15:24:45,186,major,resolved,Issue impacting EU01,Dashboard|SDK Data Collection|Data Processing|REST APIs|Outbound Messaging,6,https://stspg.io/yj64cmn3hg62,company-own (operational)
vytkjcghwgys,2026-04-17T16:00:00,2026-04-17T16:00:00,0,none,resolved,US01 SDK errors,,1,https://stspg.io/57s39v6r4j4w,company-own (operational)
b0y0lgvnf8xg,2026-04-16T16:00:00,2026-04-16T16:20:00,20,maintenance,resolved,[Scheduled] Scheduled maintenance for Braze CDI,,,https://braze.statuspage.io/incidents/b0y0lgvnf8xg,company-own (operational)
zw2kyb6nr1yt,2026-04-16T07:15:00,2026-04-16T07:40:00,25,maintenance,resolved,[Scheduled] Scheduled maintenance for Braze CDI,,,https://braze.statuspage.io/incidents/zw2kyb6nr1yt,company-own (operational)
zyzxjq6xy1br,2026-04-15T15:30:00,2026-04-15T15:50:00,20,maintenance,resolved,[Scheduled] Scheduled maintenance for Braze CDI,,,https://braze.statuspage.io/incidents/zyzxjq6xy1br,company-own (operational)
7cr56x6grd8r,2026-04-15T15:00:00,2026-04-15T15:20:00,20,maintenance,resolved,[Scheduled] Scheduled maintenance for Braze CDI,,,https://braze.statuspage.io/incidents/7cr56x6grd8r,company-own (operational)
nf39psbpf18l,2026-04-14T15:15:00,2026-04-14T15:40:00,25,maintenance,resolved,[Scheduled] Scheduled maintenance for Braze CDI,,,https://braze.statuspage.io/incidents/nf39psbpf18l,company-own (operational)
1ry2m6gddhx7,2026-04-13T14:15:00,2026-04-13T14:40:00,25,maintenance,resolved,[Scheduled] Scheduled maintenance for Braze CDI,,,https://braze.statuspage.io/incidents/1ry2m6gddhx7,company-own (operational)
r94vq8sh1jbm,2026-04-08T15:05:15,2026-04-08T17:49:12,164,major,resolved,Delays in Support Case Creation via Email,Braze Support Services,5,https://stspg.io/71r91z3jcssq,company-own (operational)
k9zy9x60f6g5,2026-04-06T17:00:00,2026-04-06T17:00:00,0,none,resolved,US01 SDK errors,,1,https://stspg.io/gtvc3yxf3vc4,company-own (operational)
l750zstxqlz2,2026-03-24T13:45:34,2026-03-24T13:58:56,13,minor,resolved,EU02 customer unsubscribe errors,Email,3,https://stspg.io/f3284wvrr93h,company-own (operational)
d7d7d7jxnhs7,2026-03-20T14:25:12,2026-03-20T15:29:49,65,minor,resolved,US07 Dashboard latency and errors,Dashboard,3,https://stspg.io/w57ncfgz4sjk,company-own (operational)
2g71jlh6rzmz,2026-03-17T16:49:19,2026-03-17T17:04:30,15,major,resolved,US05 Dashboard latency,Dashboard,3,https://stspg.io/7jbbhq8z8c1z,company-own (operational)
2t0vhpd1tjtq,2026-02-24T14:34:45,2026-02-24T15:00:13,25,minor,resolved,Outbound email latency for non-EU Bird (Sparkpost) customers,Email,3,https://stspg.io/k96nwrlfpd8h,company-own (operational)
y2wcd3t4856v,2026-02-18T07:07:25,2026-02-18T14:22:27,435,minor,resolved,EU01 & EU02 Dashboard Errors,Dashboard|Dashboard,6,https://stspg.io/kwpjlqflvfy1,company-own (operational)
8h9jjpn799vn,2026-02-03T10:41:17,2026-02-03T11:02:32,21,critical,resolved,US02 Dashboard and SDK increased errors,Dashboard|SDK Data Collection,3,https://stspg.io/17k8q4nlfr8n,company-own (operational)
qp3dq7pgqfmx,2026-01-24T13:27:28,2026-01-24T20:59:04,452,none,resolved,Gmail consumers experiencing banners indicating missing spam checks,Email,2,https://stspg.io/f9m7mwkm5wvg,company-own (operational)
5x31z2wykxz2,2026-01-22T19:47:49,2026-01-22T22:42:22,175,minor,resolved,Email delivery issues,Email,4,https://stspg.io/zhbs1ygpx298,company-own (operational)
gz1ltyvf558y,2026-01-13T16:00:00,2026-01-13T16:00:00,0,none,resolved,SMS outbound sending delays,,1,https://stspg.io/f1jf2p267tlt,company-own (operational)
19bm1v6gngbk,2026-01-06T10:41:46,2026-01-06T11:29:41,48,critical,resolved,US05 Dashboard Errors,Dashboard,3,https://stspg.io/33gxhw94w4z8,company-own (operational)
hhntcjbjmh21,2025-11-24T06:26:33,2025-11-24T07:09:57,43,major,resolved,EU01 REST API and SDK Data Collection Errors,SDK Data Collection|REST APIs,3,https://stspg.io/21qjklfj7k0v,company-own (operational)
4hft05t1403n,2025-11-18T19:34:16,2025-11-18T20:33:58,60,major,resolved,US01 and US03 Dashboard and SDK Errors,Dashboard|SDK Data Collection|SDK Data Collection|Data Processing,3,https://stspg.io/l667vrhsln88,company-own (operational)
rws5trsng255,2025-11-18T17:24:27,2025-11-18T17:35:40,11,none,resolved,US02 Dashboard and SDK Errors,Dashboard|SDK Data Collection,2,https://stspg.io/6pfx2jh9s33s,company-own (operational)
r5kw51f45hkz,2025-11-04T16:00:00,2025-11-04T16:00:00,0,none,resolved,EU02 Dashboard errors,,1,https://stspg.io/l09lqbc7ds6z,company-own (operational)
9q46v63b8j41,2025-10-22T19:19:47,2025-10-22T19:48:14,28,minor,resolved,Increased latency in Outbound Messaging for all clusters,Email|Push Notifications - iOS|Push Notifications - Android,2,https://stspg.io/4tgdzc5np1m9,company-own (operational)
r0kkkj9pvd81,2025-10-20T05:52:19,2025-10-20T19:41:24,829,major,resolved,AWS US East 1 outage,Dashboard|Dashboard|Dashboard|Dashboard|Dashboard|Dashboard|Dashboard|Dashboard|Dashboard|Dashboard|Dashboard|Dashboard|Dashboard|SDK Data Collection|SDK Data Collection|SDK Data Collection|SDK Data Collection|SDK Data Collection|SMS|Data Processing|Data Processing|Data Processing|Data Processing|Data Processing|Data Processing|Outbound Messaging|Outbound Messaging|Outbound Messaging|Outbound Messaging|Outbound Messaging|Outbound Messaging,21,https://stspg.io/yfn60mx7l8f7,company-own (operational)
16x8458h312v,2025-10-08T06:00:00,2025-10-08T06:00:00,0,none,resolved,"US-10 Dashboard Outage - October 8, 2025",,1,https://stspg.io/qcxhxbzrmz74,company-own (operational)
x07cjrytzn7x,2025-09-09T15:07:04,2025-09-09T15:30:51,24,minor,resolved,Increased error rates for REST and SDK services across US clusters,SDK Data Collection|SDK Data Collection|SDK Data Collection|SDK Data Collection|SDK Data Collection|SDK Data Collection|SDK Data Collection|SDK Data Collection|SDK Data Collection|REST APIs|REST APIs|REST APIs|REST APIs|REST APIs|REST APIs|REST APIs|REST APIs|REST APIs,3,https://stspg.io/61j68xxmzkwy,company-own (operational)
zxqh3s4y0w9n,2025-09-05T13:54:30,2025-09-05T14:01:21,7,minor,resolved,Degraded performance for Dashboard and Time Series data in US05,Dashboard,2,https://stspg.io/bfd6jk7xvcxr,company-own (operational)
zptvh1q7dpx5,2025-09-02T13:20:10,2025-09-02T13:45:53,26,major,resolved,Issue impacting US01 and US05 clusters,Dashboard|Dashboard|SDK Data Collection|SDK Data Collection|Data Processing|Data Processing|REST APIs|REST APIs|Outbound Messaging|Outbound Messaging|Currents|Currents|Cloud Data-Ingestion (CDI)|Cloud Data-Ingestion (CDI),3,https://stspg.io/942ql55f50s4,company-own (operational)
ff0h4mbx8wtr,2025-08-28T15:06:06,2025-08-28T18:58:01,232,minor,resolved,SMS Delivery Delays and Failures to and from Multiple Networks in US for a Subset of Short Codes,SMS,4,https://stspg.io/q61kj3v0vwsl,company-own (operational)
9tcq7g6zqlwp,2025-08-21T15:15:59,2025-08-21T16:05:07,49,minor,resolved,Issue impacting US clusters,Dashboard|Dashboard|Dashboard|SDK Data Collection|SDK Data Collection|SDK Data Collection|SDK Data Collection|SDK Data Collection|SDK Data Collection|SDK Data Collection|SDK Data Collection|SDK Data Collection|REST APIs|REST APIs|REST APIs|REST APIs|REST APIs|REST APIs|REST APIs|REST APIs|REST APIs,6,https://stspg.io/5wwvhtrbdkj8,company-own (operational)
mnwfhkx03hw1,2025-08-19T10:00:23,2025-08-19T11:41:48,101,major,resolved,Issue impacting US06 AND EU02 services,Dashboard|Dashboard|SDK Data Collection|SDK Data Collection|REST APIs|REST APIs,5,https://stspg.io/35dg76x015g0,company-own (operational)
b8rknpsd75z3,2025-07-30T10:49:09,2025-07-30T11:19:42,31,minor,resolved,Degraded performance in Outbound Messaging and Data Processing on EU01,Data Processing|Outbound Messaging,3,https://stspg.io/y3szzsv8kdtn,company-own (operational)
lgwk7223nq84,2025-07-17T16:22:23,2025-07-17T17:12:33,50,major,resolved,Link-shortening issue impacting all regions,SMS|WhatsApp,4,https://stspg.io/cpy80cpk6lkf,company-own (operational)
xkdmtp1mfnb3,2025-07-11T03:43:50,2025-07-11T04:19:45,36,minor,resolved,Data Processing and Messaging Sending latency impacting US01,Data Processing|Outbound Messaging,3,https://stspg.io/fnht9jtmnqcg,company-own (operational)
hskhg93c87yt,2025-06-12T15:01:47,2025-06-12T17:30:05,148,major,resolved,Widespread Internet Issue,Dashboard|Dashboard|Dashboard|Dashboard|Dashboard|Dashboard|Dashboard|Dashboard|Dashboard|Dashboard|SDK Data Collection|SDK Data Collection|SDK Data Collection|SDK Data Collection|SDK Data Collection|SDK Data Collection|SDK Data Collection|SDK Data Collection|SDK Data Collection|SDK Data Collection|Data Processing|Data Processing|Data Processing|Data Processing|Data Processing|Data Processing|Data Processing|Data Processing|Data Processing|Data Processing|REST APIs|REST APIs|REST APIs|REST APIs|REST APIs|REST APIs|REST APIs|REST APIs|REST APIs|Outbound Messaging|Outbound Messaging|Outbound Messaging|REST APIs|Outbound Messaging|Outbound Messaging|Outbound Messaging|Outbound Messaging|Outbound Messaging|Outbound Messaging|Outbound Messaging|Push Notifications - Android,10,https://stspg.io/hlxryqm1b7j2,company-own (operational)
mhxttw26ldcj,2025-05-21T11:30:00,2025-05-21T11:30:00,0,minor,resolved,Increased errors impacting US01,,1,https://stspg.io/3qrfp8q6y6dk,company-own (operational)
bzyz62ds3dg3,2025-04-23T18:09:56,2025-04-23T19:14:38,65,minor,resolved,Email latency due to Sendgrid issue,Email,3,https://stspg.io/srvk1171h88c,company-own (operational)
mfyxg7m3qf8h,2025-04-15T18:45:05,2025-04-16T12:23:09,1058,none,resolved,Issue impacting Canvases with Exit Criteria,Email|SMS|In-App Messaging|WhatsApp|Push Notifications - iOS|Push Notifications - Android|Content Cards,3,https://stspg.io/n6n434rnmgd1,company-own (operational)
y23rynwl8j9m,2025-04-03T13:12:49,2025-04-03T14:12:49,60,minor,resolved,Issue impacting US01 Services,Dashboard|SDK Data Collection|Data Processing|REST APIs|Outbound Messaging|Currents|Cloud Data-Ingestion (CDI),4,https://stspg.io/cg1tt5wmksg2,company-own (operational)
60ls7gfz5521,2025-03-19T14:53:38,2025-03-19T17:49:51,176,minor,resolved,"Third-party Snowflake issue impacting CDI, Currents and Dashboard",Dashboard|Dashboard|Dashboard|Dashboard|Dashboard|Dashboard|Dashboard|Dashboard|Currents|Currents|Currents|Currents|Currents|Currents|Currents|Currents|Cloud Data-Ingestion (CDI)|Cloud Data-Ingestion (CDI)|Cloud Data-Ingestion (CDI)|Cloud Data-Ingestion (CDI)|Cloud Data-Ingestion (CDI)|Cloud Data-Ingestion (CDI)|Cloud Data-Ingestion (CDI)|Cloud Data-Ingestion (CDI),2,https://stspg.io/fzd6b6p92q84,company-own (operational)
tck1bkzpnlq6,2025-03-10T11:10:03,2025-03-10T13:31:16,141,minor,resolved,Issues accessing Drag & Drop editor,Dashboard|Dashboard|Dashboard|Dashboard|Dashboard|Dashboard|Dashboard|Dashboard|Dashboard|Dashboard|Dashboard,3,https://stspg.io/261027l5crgn,company-own (operational)
3h7bgml72yd0,2025-03-10T00:27:45,2025-03-10T18:21:39,1074,major,resolved,Currents and CDI latency impacting EU-01 and EU-02,Outbound Messaging|Outbound Messaging|Currents|Currents|Cloud Data-Ingestion (CDI)|Cloud Data-Ingestion (CDI),12,https://stspg.io/83jp3ggw33lr,company-own (operational)
yzch3vk9dycp,2025-01-30T20:13:34,2025-01-30T21:58:13,105,major,resolved,Email Event processing latency,Email,3,https://stspg.io/1ccq684fm6f3,company-own (operational)
czxy8kvblxwt,2025-01-28T08:31:12,2025-01-28T09:08:44,38,critical,resolved,Braze Support Incident,Braze Support Services,3,https://stspg.io/11g30sl7tpnp,company-own (operational)
s6jqdv39qm5f,2025-01-28T08:26:07,2025-01-28T09:02:30,36,critical,resolved,EU-02 SDK Outage,SDK Data Collection,3,https://stspg.io/378qrs18t34p,company-own (operational)
hvjw3hg9r5bl,2024-12-13T14:26:00,2024-12-13T17:56:00,210,minor,resolved,SparkPost Incident Affecting EU Region,,,https://braze.statuspage.io/incidents/hvjw3hg9r5bl,company-own (operational)
ty95vz063r5s,2024-12-11T13:38:00,2024-12-11T20:14:00,396,critical,resolved,Issues with Meta services,,,https://braze.statuspage.io/incidents/ty95vz063r5s,company-own (operational)
g72wlp9g5bh5,2024-11-29T04:50:00,2024-11-29T08:17:00,207,minor,resolved,SparkPost email delivery latency in EU region,,,https://braze.statuspage.io/incidents/g72wlp9g5bh5,company-own (operational)
dt010b9vtgdt,2024-11-22T14:48:00,2024-11-22T02:53:00,725,minor,resolved,Email links for SparkPost customers serving 502s due to SparkPost incident,,,https://braze.statuspage.io/incidents/dt010b9vtgdt,company-own (operational)
0v0swy36xs27,2024-11-22T13:16:00,2024-11-22T16:48:00,212,minor,resolved,Email links for SparkPost customers serving 502s due to SparkPost incident,,,https://braze.statuspage.io/incidents/0v0swy36xs27,company-own (operational)
p9v95m0mlwjq,2024-11-22T08:00:00,2024-11-22T08:20:00,20,maintenance,resolved,[Scheduled] EU network maintenance,,,https://braze.statuspage.io/incidents/p9v95m0mlwjq,company-own (operational)
9r7dz71dwbr8,2024-11-20T17:38:00,2024-11-20T22:20:00,282,minor,resolved,Email links for SparkPost customers serving 502s due to SparkPost incident,,,https://braze.statuspage.io/incidents/9r7dz71dwbr8,company-own (operational)
41d7rpchc9yf,2024-11-20T17:00:00,2024-11-20T18:00:00,60,maintenance,resolved,[Scheduled] EU-01 Dashboard maintenance,,,https://braze.statuspage.io/incidents/41d7rpchc9yf,company-own (operational)
wsnd7c6lj0qn,2024-11-05T12:00:00,2024-11-05T15:19:00,199,major,resolved,Email links for SparkPost customers serving 502s due to SparkPost incident,,,https://braze.statuspage.io/incidents/wsnd7c6lj0qn,company-own (operational)
z2922rd95s0g,2024-10-24T12:00:00,2024-10-24T18:00:00,360,maintenance,resolved,[Scheduled] Continued Migration to Cloudflare CDN - US-01 Cluster,,,https://braze.statuspage.io/incidents/z2922rd95s0g,company-own (operational)
v06g4rdq73lp,2024-10-22T12:00:00,2024-10-22T18:00:00,360,maintenance,resolved,[Scheduled] Continued Migration to Cloudflare CDN - US-03 Cluster,,,https://braze.statuspage.io/incidents/v06g4rdq73lp,company-own (operational)
xbb1rzn4v97r,2024-10-19T14:10:00,2024-10-19T10:32:00,1222,none,resolved,Google Firebase incident causing Android Push Notification errors,,,https://braze.statuspage.io/incidents/xbb1rzn4v97r,company-own (operational)
fxp1cl0gc42m,2024-10-17T14:00:00,2024-10-17T18:00:00,240,maintenance,resolved,[Scheduled] Continued Migration to Cloudflare CDN - EU-01 Cluster,,,https://braze.statuspage.io/incidents/fxp1cl0gc42m,company-own (operational)
4x7vk9qdzhc2,2024-10-15T11:03:00,2024-10-15T14:16:00,193,major,resolved,Sparkpost issue Impacting Email Message Sending,,,https://braze.statuspage.io/incidents/4x7vk9qdzhc2,company-own (operational)
zcgj6ymftv92,2024-10-14T14:16:00,2024-10-14T14:27:00,11,minor,resolved,Issues with Meta services,,,https://braze.statuspage.io/incidents/zcgj6ymftv92,company-own (operational)
6zwh4w1hjqkw,2024-09-30T10:04:00,2024-09-30T17:24:00,440,major,resolved,Network issues in US clusters,,,https://braze.statuspage.io/incidents/6zwh4w1hjqkw,company-own (operational)
zq8vdl4th7l7,2024-09-01T19:54:00,2024-09-01T20:15:00,21,minor,resolved,Latency and API Errors in US 01,,,https://braze.statuspage.io/incidents/zq8vdl4th7l7,company-own (operational)
3rylskxm3hn7,2024-08-27T15:32:00,2024-08-27T16:36:00,64,major,resolved,Issue impacting EU-01 SDK,,,https://braze.statuspage.io/incidents/3rylskxm3hn7,company-own (operational)
3nghn6g06p7z,2024-08-20T10:00:00,2024-08-20T10:00:00,0,none,resolved,Elevated Dashboard Login Errors EU01,,,https://braze.statuspage.io/incidents/3nghn6g06p7z,company-own (operational)
tw8kg1v05501,2024-07-31T22:18:00,2024-07-31T00:00:00,102,critical,resolved,Braze Learning Unavailable,,,https://braze.statuspage.io/incidents/tw8kg1v05501,company-own (operational)
51gkypmlvpr2,2024-07-12T10:42:00,2024-07-12T12:39:00,117,minor,resolved,Messaging and Data Processing latency,,,https://braze.statuspage.io/incidents/51gkypmlvpr2,company-own (operational)
zfyp7vyk1rgf,2024-06-19T09:53:00,2024-06-19T15:04:00,311,major,resolved,Issues creating cases via the Braze Support Portal,,,https://braze.statuspage.io/incidents/zfyp7vyk1rgf,company-own (operational)
yh58pjjt59by,2024-06-03T16:29:00,2024-06-03T17:08:00,39,minor,resolved,EU01 and EU02 Elavated Errors and Latency,,,https://braze.statuspage.io/incidents/yh58pjjt59by,company-own (operational)
l3xf93jsqnfy,2024-05-22T13:31:00,2024-05-22T14:51:00,80,minor,resolved,Elevated REST API error rates in US06,,,https://braze.statuspage.io/incidents/l3xf93jsqnfy,company-own (operational)
sq10pzj16rgs,2024-05-16T01:00:00,2024-05-16T06:00:00,300,maintenance,resolved,[Scheduled] US Region Network Maintenance,,,https://braze.statuspage.io/incidents/sq10pzj16rgs,company-own (operational)
fg2njzb5k44l,2024-04-29T05:41:00,2024-04-29T23:56:00,1095,critical,resolved,Issue impacting US clusters,,,https://braze.statuspage.io/incidents/fg2njzb5k44l,company-own (operational)
8qdxdtwphyyb,2024-04-26T05:47:00,2024-04-26T06:52:00,65,critical,resolved,Elevated errors on EU01 Dashboard and SDK data collection,,,https://braze.statuspage.io/incidents/8qdxdtwphyyb,company-own (operational)
f3fc963mm186,2024-04-25T17:26:00,2024-04-25T17:52:00,26,major,resolved,REST and Dashboard Increased Errors in EU02,,,https://braze.statuspage.io/incidents/f3fc963mm186,company-own (operational)
pgdbb5wkxmrf,2024-04-24T14:45:00,2024-04-24T17:27:00,162,minor,resolved,Latency affecting Currents,,,https://braze.statuspage.io/incidents/pgdbb5wkxmrf,company-own (operational)
8bwt0thv9byg,2024-04-23T11:46:00,2024-04-23T19:09:00,443,major,resolved,Issue impacting Braze Dashboard for users in South Asia,,,https://braze.statuspage.io/incidents/8bwt0thv9byg,company-own (operational)
qrt60jxvrgb9,2024-04-03T15:45:00,2024-04-03T17:28:00,103,minor,resolved,Meta incident impacting WhatsApp Message Sending,,,https://braze.statuspage.io/incidents/qrt60jxvrgb9,company-own (operational)
wgfchpm0yvh2,2024-03-26T16:46:00,2024-03-26T19:35:00,169,minor,resolved,Messaging Latency Impacting US Clusters,,,https://braze.statuspage.io/incidents/wgfchpm0yvh2,company-own (operational)
k5nf3c6lc31z,2024-03-21T12:01:00,2024-03-21T13:54:00,113,minor,resolved,Elevated Messaging Latency Impacting US Clusters,,,https://braze.statuspage.io/incidents/k5nf3c6lc31z,company-own (operational)
c4mj0nnxv2h1,2024-03-19T13:01:00,2024-03-19T13:33:00,32,minor,resolved,Transactional messaging errors and latency impacting US Clusters,,,https://braze.statuspage.io/incidents/c4mj0nnxv2h1,company-own (operational)
lhlr18kcvwsx,2024-03-05T12:02:00,2024-03-05T15:26:00,204,minor,resolved,Meta Incident Impacting WhatsApp & Facebook Audience Sync,,,https://braze.statuspage.io/incidents/lhlr18kcvwsx,company-own (operational)
ml3hy4lf5z35,2024-02-24T12:26:00,2024-02-24T14:40:00,134,minor,resolved,Issue impacting SparkPost email open and click metrics across US clusters,,,https://braze.statuspage.io/incidents/ml3hy4lf5z35,company-own (operational)
vj0ph1rhkcc7,2024-02-21T11:10:00,2024-02-21T12:09:00,59,minor,resolved,US-03 Messaging and Data Processing Latency,,,https://braze.statuspage.io/incidents/vj0ph1rhkcc7,company-own (operational)
f81p9hh61zx3,2024-02-19T09:06:00,2024-02-19T09:50:00,44,major,resolved,Latency and Errors impacting US03,,,https://braze.statuspage.io/incidents/f81p9hh61zx3,company-own (operational)
fd473dmzq32j,2024-02-07T13:42:00,2024-02-07T14:45:00,63,minor,resolved,Latency Affecting iOS Push,,,https://braze.statuspage.io/incidents/fd473dmzq32j,company-own (operational)
vnrzhcnk9yh3,2024-01-30T16:29:00,2024-01-30T18:18:00,109,minor,resolved,"Latency Affecting US01, US03 and US05 Clusters",,,https://braze.statuspage.io/incidents/vnrzhcnk9yh3,company-own (operational)
qm8t6cfnkkvf,2024-01-24T14:14:00,2024-01-24T14:29:00,15,minor,resolved,Latency Affecting Android Push,,,https://braze.statuspage.io/incidents/qm8t6cfnkkvf,company-own (operational)
73vvmpcyhl3k,2024-01-19T11:16:00,2024-01-19T15:17:00,241,minor,resolved,Data Processing and Message Sending latency across multiple clusters,,,https://braze.statuspage.io/incidents/73vvmpcyhl3k,company-own (operational)
m8zxqnjctqf4,2024-01-13T20:14:00,2024-01-13T23:59:00,225,minor,resolved,Database issue impacting a subset of customers across clusters,,,https://braze.statuspage.io/incidents/m8zxqnjctqf4,company-own (operational)
fjvd14h6sqht,2023-12-19T12:30:00,2023-12-19T12:30:00,0,none,resolved,Android Push Notification Latency,,,https://braze.statuspage.io/incidents/fjvd14h6sqht,company-own (operational)
6x3qjmsyj23f,2023-12-15T12:36:00,2023-12-15T13:24:00,48,major,resolved,Increased REST Errors,,,https://braze.statuspage.io/incidents/6x3qjmsyj23f,company-own (operational)
bm884kg7flq8,2023-12-11T07:00:00,2023-12-11T11:01:00,241,maintenance,resolved,[Scheduled] Braze Support Portal Maintenance,,,https://braze.statuspage.io/incidents/bm884kg7flq8,company-own (operational)
zxjlpw7ydf73,2023-12-03T03:57:00,2023-12-03T06:13:00,136,critical,resolved,Delayed Support Services,,,https://braze.statuspage.io/incidents/zxjlpw7ydf73,company-own (operational)
08kc6n5np8yp,2023-12-01T20:01:00,2023-12-01T21:23:00,82,minor,resolved,US 05 Message Sending & Data Processing Latency for Some Customers,,,https://braze.statuspage.io/incidents/08kc6n5np8yp,company-own (operational)
mbprldpfs2c6,2023-11-29T14:21:00,2023-11-29T14:39:00,18,minor,resolved,US05 Message Sending Latency,,,https://braze.statuspage.io/incidents/mbprldpfs2c6,company-own (operational)
7g3hhw39wzlc,2023-11-27T20:30:00,2023-11-27T23:49:00,199,minor,resolved,US05 SDK and Messaging Latency,,,https://braze.statuspage.io/incidents/7g3hhw39wzlc,company-own (operational)
dz2t0dtdpfp5,2023-11-17T14:30:00,2023-11-17T14:30:00,0,none,resolved,Increased US01 SDK API errors,,,https://braze.statuspage.io/incidents/dz2t0dtdpfp5,company-own (operational)
jz521ltnfyd7,2023-11-13T20:26:00,2023-11-13T22:03:00,97,minor,resolved,Increased latency in Data Processing (US05 US06),,,https://braze.statuspage.io/incidents/jz521ltnfyd7,company-own (operational)
wcpkgd43b7sx,2023-11-03T13:49:00,2023-11-03T15:11:00,82,minor,resolved,Data Processing and Outbound Messaging Latency for US01,,,https://braze.statuspage.io/incidents/wcpkgd43b7sx,company-own (operational)
zgv1h9v359px,2023-10-30T16:37:00,2023-10-30T16:37:00,0,major,resolved,Increased SDK and REST API errors on US02,,,https://braze.statuspage.io/incidents/zgv1h9v359px,company-own (operational)
l2q9gt1b6d4m,2023-10-19T13:35:00,2023-10-19T16:46:00,191,minor,resolved,"US01 SDK, Messaging and Data Processing Latency",,,https://braze.statuspage.io/incidents/l2q9gt1b6d4m,company-own (operational)
h9pq5dqrdz4j,2023-10-18T13:11:00,2023-10-18T14:35:00,84,minor,resolved,Dashboard Campaign List Timeouts,,,https://braze.statuspage.io/incidents/h9pq5dqrdz4j,company-own (operational)
msgmmlnzjl2v,2023-10-16T13:30:00,2023-10-16T15:23:00,113,minor,resolved,Dashboard Timeouts,,,https://braze.statuspage.io/incidents/msgmmlnzjl2v,company-own (operational)
31ypfjcc73py,2023-09-28T15:42:00,2023-09-28T15:42:00,0,none,resolved,Elevated SDK errors and latency impacting US-01 cluster,,,https://braze.statuspage.io/incidents/31ypfjcc73py,company-own (operational)
tcp9wj36djlc,2023-09-22T10:02:00,2023-09-22T10:02:00,0,none,resolved,Errors and latency impacting multiple services,,,https://braze.statuspage.io/incidents/tcp9wj36djlc,company-own (operational)
g6y6k3tbj4hv,2023-09-14T03:14:00,2023-09-14T04:36:00,82,major,resolved,Increased errors and latency for US 04 SDK Collection,,,https://braze.statuspage.io/incidents/g6y6k3tbj4hv,company-own (operational)
xdvd70bcnxzf,2023-09-08T12:53:00,2023-09-08T17:11:00,258,minor,resolved,Email Delivery Latency for SparkPost Customers in US,,,https://braze.statuspage.io/incidents/xdvd70bcnxzf,company-own (operational)
cftnn82w2xnl,2023-09-07T14:05:00,2023-09-07T15:53:00,108,minor,resolved,Email Delivery Latency for SparkPost Customers,,,https://braze.statuspage.io/incidents/cftnn82w2xnl,company-own (operational)
mr9zrsht94jp,2023-08-29T23:01:00,2023-08-29T00:00:00,59,maintenance,resolved,[Scheduled] US-01 Database Maintenance,,,https://braze.statuspage.io/incidents/mr9zrsht94jp,company-own (operational)
fh6s0g492m5r,2023-08-28T15:02:00,2023-08-28T16:00:00,58,maintenance,resolved,[Scheduled] EU-01 Database Maintenance,,,https://braze.statuspage.io/incidents/fh6s0g492m5r,company-own (operational)
2cy2s58n2pl8,2023-08-28T12:00:00,2023-08-28T13:00:00,60,maintenance,resolved,[Scheduled] US-06 Database Maintenance,,,https://braze.statuspage.io/incidents/2cy2s58n2pl8,company-own (operational)
r2llsn7w63nr,2023-08-24T17:00:00,2023-08-24T17:53:00,53,maintenance,resolved,[Scheduled] US-03 Database Maintenance,,,https://braze.statuspage.io/incidents/r2llsn7w63nr,company-own (operational)
t7jq9jksq0gc,2023-08-24T15:02:00,2023-08-24T15:53:00,51,maintenance,resolved,[Scheduled] US-04 Database Maintenance,,,https://braze.statuspage.io/incidents/t7jq9jksq0gc,company-own (operational)
pf9sqk9fkcx4,2023-08-24T12:00:00,2023-08-24T13:00:00,60,maintenance,resolved,[Scheduled] US-01 Database Maintenance,,,https://braze.statuspage.io/incidents/pf9sqk9fkcx4,company-own (operational)
p0hxdnyyc195,2023-08-23T23:00:00,2023-08-23T23:49:00,49,maintenance,resolved,[Scheduled] US-05 Database Maintenance,,,https://braze.statuspage.io/incidents/p0hxdnyyc195,company-own (operational)
gv38gk97w22w,2023-08-23T16:36:00,2023-08-23T18:46:00,130,major,resolved,Increased errors and latency on US03,,,https://braze.statuspage.io/incidents/gv38gk97w22w,company-own (operational)
rc0c5xm0tv1y,2023-08-21T21:00:00,2023-08-21T21:48:00,48,maintenance,resolved,[Scheduled] EU-01 Database Maintenance,,,https://braze.statuspage.io/incidents/rc0c5xm0tv1y,company-own (operational)
gb85x8tfd9ly,2023-08-21T19:00:00,2023-08-21T20:01:00,61,maintenance,resolved,[Scheduled] US-02 Database Maintenance,,,https://braze.statuspage.io/incidents/gb85x8tfd9ly,company-own (operational)
pmqph68pzhdr,2023-08-21T15:00:00,2023-08-21T16:00:00,60,maintenance,resolved,[Scheduled] EU-02 Database Maintenance,,,https://braze.statuspage.io/incidents/pmqph68pzhdr,company-own (operational)
38bmhz2tlv89,2023-08-21T12:02:00,2023-08-21T13:00:00,58,maintenance,resolved,[Scheduled] US-05 Database Maintenance,,,https://braze.statuspage.io/incidents/38bmhz2tlv89,company-own (operational)
pj4y7qb4djsc,2023-08-16T23:01:00,2023-08-16T23:38:00,37,maintenance,resolved,[Scheduled] US-03 Database Maintenance,,,https://braze.statuspage.io/incidents/pj4y7qb4djsc,company-own (operational)
vmtytnz8wv50,2023-08-15T23:01:00,2023-08-15T00:01:00,60,maintenance,resolved,[Scheduled] US-06 Database Maintenance,,,https://braze.statuspage.io/incidents/vmtytnz8wv50,company-own (operational)
60fyp0455s8c,2023-08-10T18:00:00,2023-08-10T18:33:00,33,maintenance,resolved,[Scheduled] US-04 Database Maintenance,,,https://braze.statuspage.io/incidents/60fyp0455s8c,company-own (operational)
tkjfmt0y3d87,2023-08-09T18:00:00,2023-08-09T18:42:00,42,maintenance,resolved,[Scheduled] EU-02 Database Maintenance,,,https://braze.statuspage.io/incidents/tkjfmt0y3d87,company-own (operational)
7kppl0c3byw4,2023-08-08T23:01:00,2023-08-08T23:53:00,52,maintenance,resolved,[Scheduled] US-02 Database Maintenance,,,https://braze.statuspage.io/incidents/7kppl0c3byw4,company-own (operational)
fmphrkrlr4mk,2023-08-07T14:00:00,2023-08-07T21:20:00,440,major,resolved,Errors and latency for links clicked in emails sent through SendGrid,,,https://braze.statuspage.io/incidents/fmphrkrlr4mk,company-own (operational)
69sl1gp55djc,2023-07-28T03:17:00,2023-07-28T05:03:00,106,minor,resolved,Data Processing and Messaging Latency impacting EU01 Cluster,,,https://braze.statuspage.io/incidents/69sl1gp55djc,company-own (operational)
f0h6h48wtfpr,2023-07-25T15:19:00,2023-07-25T16:07:00,48,major,resolved,US01 Increased API Errors,,,https://braze.statuspage.io/incidents/f0h6h48wtfpr,company-own (operational)
g9z6l1pv1mdw,2023-07-24T19:58:00,2023-07-24T20:31:00,33,minor,resolved,Latency Affecting US06 Cluster,,,https://braze.statuspage.io/incidents/g9z6l1pv1mdw,company-own (operational)
dqpwnrv4j1zt,2023-07-23T08:01:00,2023-07-23T10:00:00,119,maintenance,resolved,[Scheduled] Scheduled Maintenance - Email Drag and Drop Editor,,,https://braze.statuspage.io/incidents/dqpwnrv4j1zt,company-own (operational)
s2zjy7hk0ky6,2023-07-02T03:00:00,2023-07-02T03:31:00,31,maintenance,resolved,[Scheduled] Braze Support Portal and the Braze Support Web Form schedule maintenance,,,https://braze.statuspage.io/incidents/s2zjy7hk0ky6,company-own (operational)
n13gkzcz6sbq,2023-06-22T22:12:00,2023-06-22T23:36:00,84,major,resolved,US-05 Rest Connection Issues,,,https://braze.statuspage.io/incidents/n13gkzcz6sbq,company-own (operational)
tbydwqy72vmm,2023-06-21T15:17:00,2023-06-21T16:19:00,62,major,resolved,Increased REST API errors on EU-02 and US-05,,,https://braze.statuspage.io/incidents/tbydwqy72vmm,company-own (operational)
rsng07snc277,2023-06-19T00:17:00,2023-06-19T00:35:00,18,major,resolved,Increased API error rates for some endpoints on US 03,,,https://braze.statuspage.io/incidents/rsng07snc277,company-own (operational)
lwrjn983g8pw,2023-06-08T13:22:00,2023-06-08T15:12:00,110,major,resolved,Increased error rate and latency on US06,,,https://braze.statuspage.io/incidents/lwrjn983g8pw,company-own (operational)
qs43g18n9l97,2023-05-31T05:14:00,2023-05-31T05:47:00,33,minor,resolved,Networking issue impacting Dashboard and Outbound Messaging in APAC and South America regions,,,https://braze.statuspage.io/incidents/qs43g18n9l97,company-own (operational)
2cr03cvzw2jl,2023-05-19T15:41:00,2023-05-19T23:19:00,458,minor,resolved,Currents Data Latency,,,https://braze.statuspage.io/incidents/2cr03cvzw2jl,company-own (operational)
pp6mhh9k87h6,2023-05-02T17:21:00,2023-05-02T19:30:00,129,minor,resolved,Increased error rate on US 05,,,https://braze.statuspage.io/incidents/pp6mhh9k87h6,company-own (operational)
gq2cz24swdmz,2023-05-01T12:05:00,2023-05-01T14:46:00,161,minor,resolved,Increased error rates for customers close to the San Jose region,,,https://braze.statuspage.io/incidents/gq2cz24swdmz,company-own (operational)
1z20n35y739s,2023-04-05T23:07:00,2023-04-05T01:42:00,155,major,resolved,Support Services Outage,,,https://braze.statuspage.io/incidents/1z20n35y739s,company-own (operational)
hsgg1hshp83k,2023-03-07T11:44:00,2023-03-07T17:45:00,361,minor,resolved,US Email Events Delay,,,https://braze.statuspage.io/incidents/hsgg1hshp83k,company-own (operational)
8kj9gz1v60bz,2023-02-28T15:30:00,2023-02-28T16:51:00,81,minor,resolved,Email Events Delay,,,https://braze.statuspage.io/incidents/8kj9gz1v60bz,company-own (operational)
z93x2v0np042,2023-02-28T13:48:00,2023-02-28T15:03:00,75,major,resolved,US02 Campaign & Canvas Save Timeout,,,https://braze.statuspage.io/incidents/z93x2v0np042,company-own (operational)
qwm3wf4kk1c5,2023-02-17T06:28:00,2023-02-17T10:37:00,249,major,resolved,Braze Support unavailable for some users,,,https://braze.statuspage.io/incidents/qwm3wf4kk1c5,company-own (operational)
5rsgrjxyb4sz,2023-02-08T18:01:00,2023-02-08T20:00:00,119,maintenance,resolved,[Scheduled] EU-02 Network Maintenance,,,https://braze.statuspage.io/incidents/5rsgrjxyb4sz,company-own (operational)
ss4ltxvnh3vg,2023-02-08T16:08:00,2023-02-08T17:06:00,58,minor,resolved,Dashboard Slowness,,,https://braze.statuspage.io/incidents/ss4ltxvnh3vg,company-own (operational)
wcxm2gk87bll,2023-02-02T12:32:00,2023-02-02T14:51:00,139,minor,resolved,Reporting Data Delayed,,,https://braze.statuspage.io/incidents/wcxm2gk87bll,company-own (operational)
pm8j1z80p621,2023-01-19T21:00:00,2023-01-19T22:16:00,76,maintenance,resolved,[Scheduled] Braze Website Maintenance,,,https://braze.statuspage.io/incidents/pm8j1z80p621,company-own (operational)
b3c72m1tvkmq,2023-01-11T14:09:00,2023-01-11T21:27:00,438,minor,resolved,Intermittent data load timeouts on Braze dashboards.,,,https://braze.statuspage.io/incidents/b3c72m1tvkmq,company-own (operational)
f2mzhjmyg1n5,2022-12-17T09:49:00,2022-12-17T11:18:00,89,minor,resolved,EU-01 Delayed Processing,,,https://braze.statuspage.io/incidents/f2mzhjmyg1n5,company-own (operational)
pk6mh73wnrwh,2022-12-17T08:00:00,2022-12-17T08:53:00,53,major,resolved,EU-01 Services Down,,,https://braze.statuspage.io/incidents/pk6mh73wnrwh,company-own (operational)
dj5nxq2kflwy,2022-12-12T21:57:00,2022-12-12T23:43:00,106,minor,resolved,US-05 Data Processing Delays,,,https://braze.statuspage.io/incidents/dj5nxq2kflwy,company-own (operational)
jkz55m0z563b,2022-11-17T12:13:00,2022-11-17T18:28:00,375,critical,resolved,Increased SDK Error Rates on US05,,,https://braze.statuspage.io/incidents/jkz55m0z563b,company-own (operational)
xkl182ddfgvr,2022-11-16T15:50:00,2022-11-16T16:19:00,29,critical,resolved,Increased SDK Error Rates US05,,,https://braze.statuspage.io/incidents/xkl182ddfgvr,company-own (operational)
60v5szl38s36,2022-10-21T21:21:00,2022-10-21T21:40:00,19,minor,resolved,US 05 delayed message sending for some customers,,,https://braze.statuspage.io/incidents/60v5szl38s36,company-own (operational)
vvnffkjk1ll3,2022-10-04T18:34:00,2022-10-04T19:03:00,29,major,resolved,Increased SDK Error Rates Affecting US Clusters,,,https://braze.statuspage.io/incidents/vvnffkjk1ll3,company-own (operational)
dhcckwcb3vrx,2022-10-02T19:47:00,2022-10-02T19:58:00,11,minor,resolved,US-02 Data Processing and Messaging Delays,,,https://braze.statuspage.io/incidents/dhcckwcb3vrx,company-own (operational)
dnqqctcqywsn,2022-09-23T23:13:00,2022-09-23T03:47:00,274,minor,resolved,Service degradation on US-03 and US-06,,,https://braze.statuspage.io/incidents/dnqqctcqywsn,company-own (operational)
dg1ckjfmnzb9,2022-09-13T00:20:00,2022-09-13T23:33:00,1393,minor,resolved,Network latency impacting customers located in the Asia region,,,https://braze.statuspage.io/incidents/dg1ckjfmnzb9,company-own (operational)
0h9w8zx6qh2w,2022-08-31T19:00:00,2022-08-31T21:01:00,121,maintenance,resolved,[Scheduled] EU-02 Network Maintenance,,,https://braze.statuspage.io/incidents/0h9w8zx6qh2w,company-own (operational)
sp6mbmlf9g2s,2022-08-29T18:00:00,2022-08-29T20:01:00,121,maintenance,resolved,[Scheduled] EU-02 Network Maintenance,,,https://braze.statuspage.io/incidents/sp6mbmlf9g2s,company-own (operational)
rb2mhrwh0cgj,2022-08-26T11:47:00,2022-08-26T14:36:00,169,major,resolved,Errors when accessing Drag and Drop editor,,,https://braze.statuspage.io/incidents/rb2mhrwh0cgj,company-own (operational)
vrjfbc15c3f3,2022-08-10T09:41:00,2022-08-10T10:44:00,63,major,resolved,Increased error rates and latency in US 03,,,https://braze.statuspage.io/incidents/vrjfbc15c3f3,company-own (operational)
r8rfvl0sx4pd,2022-08-05T12:06:00,2022-08-05T13:00:00,54,major,resolved,Increased error rates on US 04 REST API,,,https://braze.statuspage.io/incidents/r8rfvl0sx4pd,company-own (operational)
2n6qcqn8dd4g,2022-08-02T03:29:00,2022-08-02T06:29:00,180,minor,resolved,Increased error rates in US 03,,,https://braze.statuspage.io/incidents/2n6qcqn8dd4g,company-own (operational)
j3v5lcrvpx5v,2022-07-28T09:01:00,2022-07-28T17:00:00,479,maintenance,resolved,[Scheduled] US-01 Network Maintenance,,,https://braze.statuspage.io/incidents/j3v5lcrvpx5v,company-own (operational)
z9zhdct2604l,2022-07-27T09:01:00,2022-07-27T17:01:00,480,maintenance,resolved,[Scheduled] US-03 Network Maintenance,,,https://braze.statuspage.io/incidents/z9zhdct2604l,company-own (operational)
4mwhws28w20b,2022-07-27T09:00:00,2022-07-27T17:00:00,480,maintenance,resolved,[Scheduled] US-06 Network Maintenance,,,https://braze.statuspage.io/incidents/4mwhws28w20b,company-own (operational)
cnd23sc4wrck,2022-07-26T09:00:00,2022-07-26T17:00:00,480,maintenance,resolved,[Scheduled] US-04 Network Maintenance,,,https://braze.statuspage.io/incidents/cnd23sc4wrck,company-own (operational)
595259m4pl3h,2022-07-26T09:00:00,2022-07-26T17:00:00,480,maintenance,resolved,[Scheduled] US-02 Network Maintenance,,,https://braze.statuspage.io/incidents/595259m4pl3h,company-own (operational)
pj7kxnv4zp7d,2022-07-25T07:18:00,2022-07-25T08:24:00,66,minor,resolved,Dashboard Errors / Slowness on EU01,,,https://braze.statuspage.io/incidents/pj7kxnv4zp7d,company-own (operational)
0thr4jrfc1dq,2022-07-21T09:00:00,2022-07-21T14:00:00,300,maintenance,resolved,[Scheduled] US-05 Network Maintenance,,,https://braze.statuspage.io/incidents/0thr4jrfc1dq,company-own (operational)
688xkbfsx2cw,2022-07-19T10:18:00,2022-07-19T11:41:00,83,minor,resolved,Segment Export Delays in Multiple Clusters,,,https://braze.statuspage.io/incidents/688xkbfsx2cw,company-own (operational)
6dv5flsjnh5s,2022-07-15T13:00:00,2022-07-15T17:00:00,240,maintenance,resolved,[Scheduled] US-05 Network Maintenance,,,https://braze.statuspage.io/incidents/6dv5flsjnh5s,company-own (operational)
hwjdz7vnmhz6,2022-07-05T21:42:00,2022-07-05T22:02:00,20,major,resolved,EU 01 connectivity issues,,,https://braze.statuspage.io/incidents/hwjdz7vnmhz6,company-own (operational)
bwsvvrx1f8bt,2022-06-29T14:00:00,2022-06-29T17:00:00,180,maintenance,resolved,[Scheduled] US-05 Network Maintenance,,,https://braze.statuspage.io/incidents/bwsvvrx1f8bt,company-own (operational)
r8jprcqzt6s5,2022-06-02T20:43:00,2022-06-02T21:29:00,46,minor,resolved,Increased Job Processing latency in US01,,,https://braze.statuspage.io/incidents/r8jprcqzt6s5,company-own (operational)
n7rjv9dvywq8,2022-05-19T22:00:00,2022-05-19T22:47:00,47,maintenance,resolved,[Scheduled] Content Delivery Network Maintenance,,,https://braze.statuspage.io/incidents/n7rjv9dvywq8,company-own (operational)
pvnqdhzblqqt,2022-04-20T04:13:00,2022-04-20T07:07:00,174,critical,resolved,"Issue affecting APIs, Dashboard, Data Processing, and Message Sending",,,https://braze.statuspage.io/incidents/pvnqdhzblqqt,company-own (operational)
5b2wc7fn1cls,2022-04-14T04:07:00,2022-04-14T04:32:00,25,minor,resolved,"Issue affecting APIs, Data Processing, and Message Sending",,,https://braze.statuspage.io/incidents/5b2wc7fn1cls,company-own (operational)
3tslynwfz9xy,2022-03-23T15:09:00,2022-03-23T16:33:00,84,minor,resolved,Issue affecting the ability to analyze variants on Canvases,,,https://braze.statuspage.io/incidents/3tslynwfz9xy,company-own (operational)
572yckpxp159,2022-02-25T03:30:00,2022-02-25T04:30:00,60,maintenance,resolved,[Scheduled] The braze.com website maintenance,,,https://braze.statuspage.io/incidents/572yckpxp159,company-own (operational)
dbk30x8m2718,2022-02-23T19:50:00,2022-02-23T20:18:00,28,major,resolved,Increased REST API errors in 06,,,https://braze.statuspage.io/incidents/dbk30x8m2718,company-own (operational)
dtlkssq2jgwb,2022-02-16T13:54:00,2022-02-16T15:06:00,72,major,resolved,Dashboard Logon SMS 2FA latency,,,https://braze.statuspage.io/incidents/dtlkssq2jgwb,company-own (operational)
1c1m8vt0x3b8,2022-02-05T11:09:00,2022-02-05T11:44:00,35,major,resolved,Investigating increased error rates on US 03 REST API,,,https://braze.statuspage.io/incidents/1c1m8vt0x3b8,company-own (operational)
hy4bb3thx9q7,2022-01-31T12:22:00,2022-01-31T13:55:00,93,minor,resolved,Increased Data Processing latency in multiple clusters,,,https://braze.statuspage.io/incidents/hy4bb3thx9q7,company-own (operational)
4n2ksrz8ttdg,2022-01-24T11:52:00,2022-01-24T13:07:00,75,minor,resolved,Increased Rest API Error Rates in EU01,,,https://braze.statuspage.io/incidents/4n2ksrz8ttdg,company-own (operational)
2n60tsgdqxmy,2022-01-04T14:35:00,2022-01-04T15:18:00,43,minor,resolved,Data Process Latency on US 03,,,https://braze.statuspage.io/incidents/2n60tsgdqxmy,company-own (operational)
kzpf4r5mnv2f,2021-12-29T07:02:00,2021-12-29T08:30:00,88,major,resolved,US 05 issues,,,https://braze.statuspage.io/incidents/kzpf4r5mnv2f,company-own (operational)
hd58qhmtv6lk,2021-12-22T08:40:00,2021-12-22T09:06:00,26,minor,resolved,Increased Latency in US01/US03,,,https://braze.statuspage.io/incidents/hd58qhmtv6lk,company-own (operational)
3ngw1pwtp697,2021-12-07T11:46:00,2021-12-07T18:08:00,382,minor,resolved,Data Processing Performance on US Clusters,,,https://braze.statuspage.io/incidents/3ngw1pwtp697,company-own (operational)
s9hy2kzk9z6g,2021-11-28T19:38:00,2021-11-28T20:22:00,44,minor,resolved,Delayed Data Processing on US06,,,https://braze.statuspage.io/incidents/s9hy2kzk9z6g,company-own (operational)
2sqfx10kz9gq,2021-11-22T03:46:00,2021-11-22T04:14:00,28,major,resolved,US 03 errors,,,https://braze.statuspage.io/incidents/2sqfx10kz9gq,company-own (operational)
8rg0sx9dckw5,2021-11-13T18:42:00,2021-11-13T19:21:00,39,minor,resolved,Investigating issues on US 03,,,https://braze.statuspage.io/incidents/8rg0sx9dckw5,company-own (operational)
crszd2b0x1qn,2021-11-12T05:44:00,2021-11-12T07:30:00,106,major,resolved,EU delays,,,https://braze.statuspage.io/incidents/crszd2b0x1qn,company-own (operational)
tscqjkddbfvz,2021-11-08T11:35:00,2021-11-08T12:49:00,74,critical,resolved,We are investigating connectivity issues on EU 01,,,https://braze.statuspage.io/incidents/tscqjkddbfvz,company-own (operational)
f1b79w8m7jsb,2021-10-28T14:03:00,2021-10-28T16:48:00,165,minor,resolved,Email sending delays for Sparkpost customers,,,https://braze.statuspage.io/incidents/f1b79w8m7jsb,company-own (operational)
nx722c7kj6zm,2021-09-30T10:46:00,2021-09-30T11:42:00,56,minor,resolved,"Delayed data processing and message sending on US 01, US 03, US 04, US 06",,,https://braze.statuspage.io/incidents/nx722c7kj6zm,company-own (operational)
brr0d4c2nz6w,2021-08-31T16:05:00,2021-08-31T21:50:00,345,minor,resolved,Delayed Email Event Processing - US Customers,,,https://braze.statuspage.io/incidents/brr0d4c2nz6w,company-own (operational)
m8lg3rd8r365,2021-08-18T15:13:00,2021-08-18T18:55:00,222,none,resolved,Snowflake incident on US Clusters,,,https://braze.statuspage.io/incidents/m8lg3rd8r365,company-own (operational)
pyt47nvrl21l,2021-08-07T12:13:00,2021-08-07T13:42:00,89,minor,resolved,Delayed Email Sending in EU,,,https://braze.statuspage.io/incidents/pyt47nvrl21l,company-own (operational)
5gpdtfs4lmxp,2021-08-05T10:57:00,2021-08-05T14:55:00,238,minor,resolved,Currents delays on some US Clusters,,,https://braze.statuspage.io/incidents/5gpdtfs4lmxp,company-own (operational)
hk8b0whvzv76,2021-07-16T09:11:00,2021-07-16T10:02:00,51,minor,resolved,Increased error rates in US 06,,,https://braze.statuspage.io/incidents/hk8b0whvzv76,company-own (operational)
v7php7gl170b,2021-07-13T01:58:00,2021-07-13T02:15:00,17,critical,resolved,Dashboard Loading Issues - All Clusters,,,https://braze.statuspage.io/incidents/v7php7gl170b,company-own (operational)
lhyxfzxf3gh8,2021-06-08T06:10:00,2021-06-08T07:40:00,90,major,resolved,Connectivity issues due to Fastly CDN outage,,,https://braze.statuspage.io/incidents/lhyxfzxf3gh8,company-own (operational)
r3xt5vnflt72,2021-06-07T22:30:00,2021-06-07T23:09:00,39,major,resolved,Increased error rates for SDK data collection in EU 01,,,https://braze.statuspage.io/incidents/r3xt5vnflt72,company-own (operational)
qsj39tth7d3w,2021-05-25T12:44:00,2021-05-25T13:55:00,71,minor,resolved,Delayed data processing and message sending for some customers,,,https://braze.statuspage.io/incidents/qsj39tth7d3w,company-own (operational)
lcnz4q8d5h30,2021-05-11T18:40:00,2021-05-11T19:52:00,72,minor,resolved,Delayed Support Services,,,https://braze.statuspage.io/incidents/lcnz4q8d5h30,company-own (operational)
skd09rf27k1r,2021-05-07T22:35:00,2021-05-07T01:11:00,156,none,resolved,Email sending delays for MailJet customers,,,https://braze.statuspage.io/incidents/skd09rf27k1r,company-own (operational)
jx62jn1q839c,2021-04-28T15:46:00,2021-04-28T17:13:00,87,minor,resolved,Email sending delays on EU 01,,,https://braze.statuspage.io/incidents/jx62jn1q839c,company-own (operational)
rgsh50gbvsdm,2021-04-26T12:09:00,2021-04-26T17:38:00,329,major,resolved,Increased Email Bounce rate for Apple domains,,,https://braze.statuspage.io/incidents/rgsh50gbvsdm,company-own (operational)
gqnjh14wtqzd,2021-04-15T01:00:00,2021-04-15T05:00:00,240,maintenance,resolved,[Scheduled] US-01 Database Maintenance,,,https://braze.statuspage.io/incidents/gqnjh14wtqzd,company-own (operational)
0q0dcnvlw59x,2021-04-14T18:00:00,2021-04-14T22:00:00,240,maintenance,resolved,[Scheduled] EU-01 Database Maintenance,,,https://braze.statuspage.io/incidents/0q0dcnvlw59x,company-own (operational)
60hvx9qykdh8,2021-04-14T01:00:00,2021-04-14T05:00:00,240,maintenance,resolved,[Scheduled] US-01 Database Maintenance,,,https://braze.statuspage.io/incidents/60hvx9qykdh8,company-own (operational)
w8d5t9rxl2j0,2021-04-13T18:01:00,2021-04-13T22:00:00,239,maintenance,resolved,[Scheduled] EU-01 Database Maintenance,,,https://braze.statuspage.io/incidents/w8d5t9rxl2j0,company-own (operational)
zpwtsg9mq44n,2021-04-13T01:02:00,2021-04-13T05:00:00,238,maintenance,resolved,[Scheduled] US-01 Database Maintenance,,,https://braze.statuspage.io/incidents/zpwtsg9mq44n,company-own (operational)
lb99d8qsfbyc,2021-04-12T01:00:00,2021-04-12T05:00:00,240,maintenance,resolved,[Scheduled] US-03 Database Maintenance,,,https://braze.statuspage.io/incidents/lb99d8qsfbyc,company-own (operational)
vplv95vlpb7r,2021-04-09T01:00:00,2021-04-09T05:00:00,240,maintenance,resolved,[Scheduled] US-03 Database Maintenance,,,https://braze.statuspage.io/incidents/vplv95vlpb7r,company-own (operational)
0vj1x1x1sn74,2021-04-08T23:01:00,2021-04-08T01:00:00,119,maintenance,resolved,[Scheduled] US-01 Analytics Database Maintenance,,,https://braze.statuspage.io/incidents/0vj1x1x1sn74,company-own (operational)
0lcf60j21k0j,2021-04-08T23:01:00,2021-04-08T01:00:00,119,maintenance,resolved,[Scheduled] US-04 Analytics Database Maintenance,,,https://braze.statuspage.io/incidents/0lcf60j21k0j,company-own (operational)
6tswwbz3dv7j,2021-04-08T01:00:00,2021-04-08T05:00:00,240,maintenance,resolved,[Scheduled] US-03 Database Maintenance,,,https://braze.statuspage.io/incidents/6tswwbz3dv7j,company-own (operational)
3n1wyjrmgmh2,2021-04-07T01:00:00,2021-04-07T05:00:00,240,maintenance,resolved,[Scheduled] US-06 Database Maintenance,,,https://braze.statuspage.io/incidents/3n1wyjrmgmh2,company-own (operational)
j1l4w9jg0vwm,2021-04-06T18:00:00,2021-04-06T22:00:00,240,maintenance,resolved,[Scheduled] US-04 Database Maintenance,,,https://braze.statuspage.io/incidents/j1l4w9jg0vwm,company-own (operational)
3klsyqxdcwl1,2021-04-06T02:00:00,2021-04-06T04:00:00,120,maintenance,resolved,[Scheduled] US-02 Database Maintenance,,,https://braze.statuspage.io/incidents/3klsyqxdcwl1,company-own (operational)
gp6q8tb1xgck,2021-04-01T23:01:00,2021-04-01T01:00:00,119,maintenance,resolved,[Scheduled] US-03 Database Maintenance,,,https://braze.statuspage.io/incidents/gp6q8tb1xgck,company-own (operational)
kft7vtj2fc30,2021-03-18T23:00:00,2021-03-18T01:00:00,120,maintenance,resolved,[Scheduled] EU-01 Database Maintenance,,,https://braze.statuspage.io/incidents/kft7vtj2fc30,company-own (operational)
w28rvzgd41w5,2021-03-18T23:00:00,2021-03-18T01:00:00,120,maintenance,resolved,[Scheduled] US-06 Database Maintenance,,,https://braze.statuspage.io/incidents/w28rvzgd41w5,company-own (operational)
mfnn517z0y39,2021-03-05T08:00:00,2021-03-05T09:00:00,60,maintenance,resolved,[Scheduled] The Braze.com website maintenance,,,https://braze.statuspage.io/incidents/mfnn517z0y39,company-own (operational)
91vbl87md7sw,2021-03-04T23:00:00,2021-03-04T01:00:00,120,maintenance,resolved,[Scheduled] US-02 Database Maintenance,,,https://braze.statuspage.io/incidents/91vbl87md7sw,company-own (operational)
r4vd87kcy87s,2021-02-26T09:40:00,2021-02-26T11:29:00,109,major,resolved,SMS Processing Issues,,,https://braze.statuspage.io/incidents/r4vd87kcy87s,company-own (operational)
h490wvnh9t8q,2021-02-24T04:01:00,2021-02-24T04:27:00,26,minor,resolved,Increased error rates in US 06,,,https://braze.statuspage.io/incidents/h490wvnh9t8q,company-own (operational)
zkhsgmp88kr5,2021-02-23T13:29:00,2021-02-23T13:58:00,29,critical,resolved,US 08 SDK API Errors,,,https://braze.statuspage.io/incidents/zkhsgmp88kr5,company-own (operational)
6m5xwdqs8rr7,2021-02-18T08:20:00,2021-02-18T08:34:00,14,major,resolved,US 01 connectivity errors,,,https://braze.statuspage.io/incidents/6m5xwdqs8rr7,company-own (operational)
nyrhw93rzzk4,2021-02-01T15:55:00,2021-02-01T16:50:00,55,minor,resolved,Degraded Performance - Data Processing and Message Sending,,,https://braze.statuspage.io/incidents/nyrhw93rzzk4,company-own (operational)
b0zq1xjlt7sk,2021-01-21T19:30:00,2021-01-21T20:36:00,66,minor,resolved,Processing Latency,,,https://braze.statuspage.io/incidents/b0zq1xjlt7sk,company-own (operational)
223xwkq9q2r2,2021-01-12T11:01:00,2021-01-12T11:37:00,36,major,resolved,Connectivity issues,,,https://braze.statuspage.io/incidents/223xwkq9q2r2,company-own (operational)
33zgnsm1q9x0,2020-12-18T18:52:00,2020-12-18T10:51:00,959,none,resolved,Google Mail bounce reporting and handling,,,https://braze.statuspage.io/incidents/33zgnsm1q9x0,company-own (operational)
5dtfq8z3t2bh,2020-12-18T12:13:00,2020-12-18T14:32:00,139,major,resolved,US-03 Active canvases archived,,,https://braze.statuspage.io/incidents/5dtfq8z3t2bh,company-own (operational)
ts2j49nqrp1n,2020-12-14T16:00:00,2020-12-14T17:00:00,60,maintenance,resolved,[Scheduled] Braze.com Maintenance,,,https://braze.statuspage.io/incidents/ts2j49nqrp1n,company-own (operational)
1whbj4x9w5vj,2020-12-09T15:31:00,2020-12-09T16:14:00,43,minor,resolved,US-03 SDK API increased error rates and data processing Delays,,,https://braze.statuspage.io/incidents/1whbj4x9w5vj,company-own (operational)
6cnqhbgs113k,2020-12-08T23:00:00,2020-12-08T02:00:00,180,maintenance,resolved,[Scheduled] US Network Maintenance,,,https://braze.statuspage.io/incidents/6cnqhbgs113k,company-own (operational)
w4r24zk1h3rj,2020-12-04T23:00:00,2020-12-04T02:00:00,180,maintenance,resolved,[Scheduled] US 04 and 06 Network Maintenance,,,https://braze.statuspage.io/incidents/w4r24zk1h3rj,company-own (operational)
jdfb21f88zj7,2020-12-04T18:28:00,2020-12-04T21:13:00,165,minor,resolved,"Degraded SDK Data Collection in US01, US03",,,https://braze.statuspage.io/incidents/jdfb21f88zj7,company-own (operational)
r7vy1wy1wm4t,2020-12-02T23:00:00,2020-12-02T00:01:00,61,maintenance,resolved,[Scheduled] US-02 Network Maintenance,,,https://braze.statuspage.io/incidents/r7vy1wy1wm4t,company-own (operational)
4pw16w8rpqhz,2020-12-02T18:00:00,2020-12-02T19:01:00,61,maintenance,resolved,[Scheduled] EU-01 Network Maintenance,,,https://braze.statuspage.io/incidents/4pw16w8rpqhz,company-own (operational)
tfljlnql1hz5,2020-11-14T23:00:00,2020-11-14T02:00:00,180,maintenance,resolved,[Scheduled] US Network Maintenance,,,https://braze.statuspage.io/incidents/tfljlnql1hz5,company-own (operational)
bwsmmpq04ldn,2020-11-12T23:00:00,2020-11-12T23:54:00,54,maintenance,resolved,[Scheduled] US-01 Network Maintenance,,,https://braze.statuspage.io/incidents/bwsmmpq04ldn,company-own (operational)
8xtsc7ywyf9x,2020-11-12T23:00:00,2020-11-12T23:54:00,54,maintenance,resolved,[Scheduled] US-02 Network Maintenance,,,https://braze.statuspage.io/incidents/8xtsc7ywyf9x,company-own (operational)
7yblkk52bgxf,2020-11-12T23:00:00,2020-11-12T23:54:00,54,maintenance,resolved,[Scheduled] US-03 Network Maintenance,,,https://braze.statuspage.io/incidents/7yblkk52bgxf,company-own (operational)
wyp3kq92cvl0,2020-11-12T23:00:00,2020-11-12T23:53:00,53,maintenance,resolved,[Scheduled] US-04 Network Maintenance,,,https://braze.statuspage.io/incidents/wyp3kq92cvl0,company-own (operational)
dgz4wnb8v9zr,2020-11-12T23:00:00,2020-11-12T23:53:00,53,maintenance,resolved,[Scheduled] US-06 Network Maintenance,,,https://braze.statuspage.io/incidents/dgz4wnb8v9zr,company-own (operational)
2jkgldgj3vky,2020-11-12T18:00:00,2020-11-12T19:20:00,80,maintenance,resolved,[Scheduled] EU-01 Network Maintenance,,,https://braze.statuspage.io/incidents/2jkgldgj3vky,company-own (operational)
lyfccdx0z9sh,2020-11-09T19:46:00,,,maintenance,resolved,[Scheduled] US-01 Network Maintenance,,,https://braze.statuspage.io/incidents/lyfccdx0z9sh,company-own (operational)
h2v4cxxzmgzw,2020-11-09T18:00:00,2020-11-09T19:01:00,61,maintenance,resolved,[Scheduled] EU-01 Network Maintenance,,,https://braze.statuspage.io/incidents/h2v4cxxzmgzw,company-own (operational)
hxr3p446d8fn,2020-11-07T03:00:00,2020-11-07T03:00:00,0,minor,resolved,US-01 SDK API elevated error rates,,,https://braze.statuspage.io/incidents/hxr3p446d8fn,company-own (operational)
38zysfb5mcxk,2020-10-27T23:00:00,2020-10-27T00:04:00,64,maintenance,resolved,[Scheduled] US-01 Network Maintenance,,,https://braze.statuspage.io/incidents/38zysfb5mcxk,company-own (operational)
06xj501vqpfj,2020-10-26T22:00:00,2020-10-26T01:34:00,214,maintenance,resolved,[Scheduled] North America Network Maintenance,,,https://braze.statuspage.io/incidents/06xj501vqpfj,company-own (operational)
sytvbk0d7jj4,2020-10-23T23:00:00,2020-10-23T00:35:00,95,maintenance,resolved,[Scheduled] US-03 Network Maintenance,,,https://braze.statuspage.io/incidents/sytvbk0d7jj4,company-own (operational)
d09n8yyt8l21,2020-10-23T23:00:00,2020-10-23T00:35:00,95,maintenance,resolved,[Scheduled] US-04 Network Maintenance,,,https://braze.statuspage.io/incidents/d09n8yyt8l21,company-own (operational)
9b1dxbchy9g7,2020-10-21T19:00:00,2020-10-21T19:37:00,37,maintenance,resolved,[Scheduled] EU-01 Network Maintenance,,,https://braze.statuspage.io/incidents/9b1dxbchy9g7,company-own (operational)
715n9wvz85k8,2020-10-20T23:00:00,2020-10-20T23:52:00,52,maintenance,resolved,[Scheduled] US-06 Network Maintenance,,,https://braze.statuspage.io/incidents/715n9wvz85k8,company-own (operational)
d2j27vf96rf6,2020-10-20T12:49:00,2020-10-20T13:59:00,70,minor,resolved,Dashboard Loading Issues on US01,,,https://braze.statuspage.io/incidents/d2j27vf96rf6,company-own (operational)
50zl1tsy3yyk,2020-10-19T23:00:00,2020-10-19T23:32:00,32,maintenance,resolved,[Scheduled] US-02 Network Maintenance,,,https://braze.statuspage.io/incidents/50zl1tsy3yyk,company-own (operational)
743jr7tkyxlr,2020-10-04T23:37:00,2020-10-04T01:13:00,96,major,resolved,Database connectivity issues on US clusters,,,https://braze.statuspage.io/incidents/743jr7tkyxlr,company-own (operational)
h7ly71nbkkr7,2020-09-23T07:51:00,2020-09-23T09:53:00,122,minor,resolved,Increased SDK API error rates in EU 01,,,https://braze.statuspage.io/incidents/h7ly71nbkkr7,company-own (operational)
8tn0ptt6j8bx,2020-08-30T07:39:00,2020-08-30T12:50:00,311,none,resolved,Investigating connectivity issues caused by Fastly issue,,,https://braze.statuspage.io/incidents/8tn0ptt6j8bx,company-own (operational)
1nztkh42ydsr,2020-08-26T18:13:00,2020-08-26T21:55:00,222,major,resolved,New Content Cards Not Being Served in EU 01,,,https://braze.statuspage.io/incidents/1nztkh42ydsr,company-own (operational)
pn12qxp6l089,2020-08-22T12:27:00,2020-08-22T13:30:00,63,minor,resolved,Degraded data processing and message sending in US AWS Clusters,,,https://braze.statuspage.io/incidents/pn12qxp6l089,company-own (operational)
5pvqx1vr7tkt,2020-08-04T18:58:00,2020-08-04T21:02:00,124,minor,resolved,Processing slowness on US01/US03,,,https://braze.statuspage.io/incidents/5pvqx1vr7tkt,company-own (operational)
28b1fgc8mj19,2020-07-29T12:23:00,2020-07-29T15:00:00,157,minor,resolved,"Delayed SDK data processing in US 01, US 03",,,https://braze.statuspage.io/incidents/28b1fgc8mj19,company-own (operational)
lkw81ymxtdjv,2020-07-28T10:05:00,2020-07-28T18:08:00,483,none,resolved,SendGrid email subprocessor is experiencing an incident,,,https://braze.statuspage.io/incidents/lkw81ymxtdjv,company-own (operational)
0ygqqkh4lcx8,2020-07-23T23:00:00,2020-07-23T02:01:00,181,maintenance,resolved,[Scheduled] US-01 and US-04 database maintenances,,,https://braze.statuspage.io/incidents/0ygqqkh4lcx8,company-own (operational)
4vwfp8p8mqx0,2020-07-22T23:00:00,2020-07-22T02:00:00,180,maintenance,resolved,[Scheduled] US-03 database maintenance,,,https://braze.statuspage.io/incidents/4vwfp8p8mqx0,company-own (operational)
sqs242nw3lfp,2020-07-14T23:00:00,2020-07-14T01:00:00,120,maintenance,resolved,[Scheduled] US-02 database maintenance,,,https://braze.statuspage.io/incidents/sqs242nw3lfp,company-own (operational)
k4wz0298hb8b,2020-07-14T20:01:00,2020-07-14T23:00:00,179,maintenance,resolved,[Scheduled] EU-01 database maintenance,,,https://braze.statuspage.io/incidents/k4wz0298hb8b,company-own (operational)
18t3pp8jr2hc,2020-07-14T02:14:00,2020-07-14T03:32:00,78,major,resolved,US 03 increased error rates,,,https://braze.statuspage.io/incidents/18t3pp8jr2hc,company-own (operational)
bjy4q4h9k051,2020-07-06T22:18:00,2020-07-06T22:42:00,24,minor,resolved,Delayed data processing and message sending on US 03,,,https://braze.statuspage.io/incidents/bjy4q4h9k051,company-own (operational)
54fnnpm176th,2020-06-23T20:35:00,2020-06-23T21:02:00,27,critical,resolved,US-01 Data Collection Outage,,,https://braze.statuspage.io/incidents/54fnnpm176th,company-own (operational)
3vtsbxpvdjtv,2020-06-23T13:28:00,2020-06-23T16:13:00,165,major,resolved,Snowflake Reporting and Sharing,,,https://braze.statuspage.io/incidents/3vtsbxpvdjtv,company-own (operational)
wctmsd5zcc9l,2020-06-12T20:01:00,2020-06-12T22:00:00,119,maintenance,resolved,[Scheduled] Braze.com Maintenance,,,https://braze.statuspage.io/incidents/wctmsd5zcc9l,company-own (operational)
w4lgp6m0nx1l,2020-06-12T18:45:00,2020-06-12T19:31:00,46,minor,resolved,Data Processing Delays in 06 for a Subset of Customers,,,https://braze.statuspage.io/incidents/w4lgp6m0nx1l,company-own (operational)
76391pm4r8hz,2020-06-04T02:10:00,2020-06-04T05:56:00,226,minor,resolved,High error rates in US 01 and delayed processing,,,https://braze.statuspage.io/incidents/76391pm4r8hz,company-own (operational)
sgy2w11zqt0c,2020-05-13T21:00:00,2020-05-13T22:01:00,61,maintenance,resolved,[Scheduled] US 01 Database maintenance,,,https://braze.statuspage.io/incidents/sgy2w11zqt0c,company-own (operational)
0zmj4yr22fv4,2020-05-04T15:57:00,2020-05-04T17:12:00,75,minor,resolved,US 03 data processing delays,,,https://braze.statuspage.io/incidents/0zmj4yr22fv4,company-own (operational)
12ykw9ksz0hj,2020-03-24T11:57:00,2020-03-24T12:22:00,25,minor,resolved,Degraded Data Processing on US03,,,https://braze.statuspage.io/incidents/12ykw9ksz0hj,company-own (operational)
nwqk92xdnx9p,2020-03-18T10:39:00,2020-03-18T11:57:00,78,minor,resolved,Database performance issues on US01,,,https://braze.statuspage.io/incidents/nwqk92xdnx9p,company-own (operational)
q8w9mgzlws8m,2020-03-15T12:10:00,2020-03-15T12:57:00,47,minor,resolved,Data Processing delays on US 01,,,https://braze.statuspage.io/incidents/q8w9mgzlws8m,company-own (operational)
mjtq00qblltm,2020-02-29T13:40:00,2020-02-29T15:47:00,127,minor,resolved,Processing delays on US 01,,,https://braze.statuspage.io/incidents/mjtq00qblltm,company-own (operational)
dxl12rf1sts1,2020-02-24T20:46:00,2020-02-24T22:29:00,103,minor,resolved,EU-01 Degraded Performance,,,https://braze.statuspage.io/incidents/dxl12rf1sts1,company-own (operational)
xzl95xt16tsj,2020-02-03T16:16:00,2020-02-03T19:25:00,189,critical,resolved,Connection issues on US data centers,,,https://braze.statuspage.io/incidents/xzl95xt16tsj,company-own (operational)
cbvlc2wn321j,2020-01-22T12:30:00,2020-01-22T13:24:00,54,none,resolved,Minor REST API impact due to subprocessor performance issue,,,https://braze.statuspage.io/incidents/cbvlc2wn321j,company-own (operational)
9kdrhdnlyk4b,2020-01-03T14:32:00,2020-01-03T16:33:00,121,major,resolved,Dashboard Login Issues - US01,,,https://braze.statuspage.io/incidents/9kdrhdnlyk4b,company-own (operational)
h3vm8h6ptdgz,2020-01-02T21:00:00,2020-01-02T21:26:00,26,maintenance,resolved,[Scheduled] EU 01 Database Maintenance,,,https://braze.statuspage.io/incidents/h3vm8h6ptdgz,company-own (operational)
vkkvvtrh89sh,2019-11-22T21:00:00,2019-11-22T21:23:00,23,maintenance,resolved,[Scheduled] EU 01 database maintenance,,,https://braze.statuspage.io/incidents/vkkvvtrh89sh,company-own (operational)
1bldnmdr94z7,2019-11-18T14:57:00,2019-11-18T15:45:00,48,major,resolved,Dashboard login problems,,,https://braze.statuspage.io/incidents/1bldnmdr94z7,company-own (operational)
pklskgvyxt8s,2019-11-14T07:44:00,2019-11-14T08:05:00,21,minor,resolved,Delayed data processing and message sending on US 01,,,https://braze.statuspage.io/incidents/pklskgvyxt8s,company-own (operational)
t5113j1w5l2g,2019-11-12T03:20:00,2019-11-12T03:55:00,35,minor,resolved,Delayed data processing and message sending in EU 01,,,https://braze.statuspage.io/incidents/t5113j1w5l2g,company-own (operational)
tn5mg7lrjydg,2019-10-08T10:09:00,2019-10-08T10:09:00,0,minor,resolved,US-03 SDK API Increased Error Rates,,,https://braze.statuspage.io/incidents/tn5mg7lrjydg,company-own (operational)
lxf7q5n9stg2,2019-10-04T14:30:00,2019-10-04T16:58:00,148,minor,resolved,"Processing delays on US 01, US 03, US 04",,,https://braze.statuspage.io/incidents/lxf7q5n9stg2,company-own (operational)
r1z9gw8hwm5f,2019-10-02T20:58:00,2019-10-02T02:05:00,307,minor,resolved,Processing delays on US 01,,,https://braze.statuspage.io/incidents/r1z9gw8hwm5f,company-own (operational)
hpyffzfvpxrd,2019-09-17T17:43:00,2019-09-17T19:15:00,92,major,resolved,Delayed SendGrid email sending,,,https://braze.statuspage.io/incidents/hpyffzfvpxrd,company-own (operational)
0ddlgvx8v22y,2019-09-11T21:21:00,2019-09-11T21:39:00,18,major,resolved,Data processing slowness on EU01,,,https://braze.statuspage.io/incidents/0ddlgvx8v22y,company-own (operational)
q7lcgqrkd871,2019-09-05T23:01:00,2019-09-05T07:02:00,481,maintenance,resolved,[Scheduled] AWS Direct Connect Maintenance - No Impact Expected,,,https://braze.statuspage.io/incidents/q7lcgqrkd871,company-own (operational)
mps5ny8p3gj1,2019-08-31T09:23:00,2019-08-31T12:36:00,193,major,resolved,Intermittent API issues on US clusters,,,https://braze.statuspage.io/incidents/mps5ny8p3gj1,company-own (operational)
g0jh6n6hj1ll,2019-08-23T21:12:00,2019-08-23T23:05:00,113,minor,resolved,US-03 degraded Dashboard and Data Collection,,,https://braze.statuspage.io/incidents/g0jh6n6hj1ll,company-own (operational)
8sg27hwhryvt,2019-08-23T08:15:00,2019-08-23T09:23:00,68,minor,resolved,Slow message sending on US 01,,,https://braze.statuspage.io/incidents/8sg27hwhryvt,company-own (operational)
y555ck8gj5z0,2019-08-22T04:15:00,2019-08-22T04:15:00,0,none,resolved,Increased REST API error rates in EU 01,,,https://braze.statuspage.io/incidents/y555ck8gj5z0,company-own (operational)
h3xtswbsvdw5,2019-08-19T15:13:00,2019-08-19T16:51:00,98,minor,resolved,Google OAuth 2.0 issue preventing some users from logging in Braze Dashboard,,,https://braze.statuspage.io/incidents/h3xtswbsvdw5,company-own (operational)
jg7fyzlybyv8,2019-08-13T13:35:00,2019-08-13T14:46:00,71,major,resolved,Email analytics processing delays - US01,,,https://braze.statuspage.io/incidents/jg7fyzlybyv8,company-own (operational)
f0c14jrkq5bk,2019-08-07T08:43:00,2019-08-07T08:43:00,0,none,resolved,Delayed email sending on US clusters - RESOLVED,,,https://braze.statuspage.io/incidents/f0c14jrkq5bk,company-own (operational)
9ky8pzr843s7,2019-08-06T11:18:00,2019-08-06T11:37:00,19,major,resolved,Increasing error rates for REST API in EU 01,,,https://braze.statuspage.io/incidents/9ky8pzr843s7,company-own (operational)
mpdx3xfs8cf5,2019-07-26T17:30:00,2019-07-26T18:28:00,58,none,resolved,US 03 Content Card syncing delays,,,https://braze.statuspage.io/incidents/mpdx3xfs8cf5,company-own (operational)
pgsptt9rcr7w,2019-07-24T22:43:00,2019-07-24T01:56:00,193,none,resolved,US 01 Content Card syncing delays,,,https://braze.statuspage.io/incidents/pgsptt9rcr7w,company-own (operational)
ypsvl2bqv2l1,2019-07-09T15:44:00,2019-07-09T16:30:00,46,critical,resolved,API outage on US 01,,,https://braze.statuspage.io/incidents/ypsvl2bqv2l1,company-own (operational)
qvl174n86z6q,2019-06-20T14:22:00,2019-06-20T16:10:00,108,minor,resolved,Sporadic availability and degraded processing / sending of messages on US-01,,,https://braze.statuspage.io/incidents/qvl174n86z6q,company-own (operational)
1z46cgqhbfwn,2019-06-20T11:40:00,2019-06-20T13:07:00,87,major,resolved,SDK outage in US-01. Data processing is slowed for mobile,,,https://braze.statuspage.io/incidents/1z46cgqhbfwn,company-own (operational)
jk22rvqq7h2s,2019-06-18T16:40:00,2019-06-18T16:54:00,14,minor,resolved,Slow message sending in US 01,,,https://braze.statuspage.io/incidents/jk22rvqq7h2s,company-own (operational)
xrmg3wh8rlxl,2019-04-19T19:35:00,2019-04-19T19:42:00,7,minor,resolved,EU 01 delayed message sending for a portion of action-based messaging,,,https://braze.statuspage.io/incidents/xrmg3wh8rlxl,company-own (operational)
wx3ts9pzjm1q,2019-04-15T12:56:00,2019-04-15T13:58:00,62,minor,resolved,Delayed data processing and message sending in US clusters,,,https://braze.statuspage.io/incidents/wx3ts9pzjm1q,company-own (operational)
pp9t0637f7g1,2019-04-13T21:25:00,,,maintenance,resolved,[Scheduled] US data center network maintenance - no impact expected,,,https://braze.statuspage.io/incidents/pp9t0637f7g1,company-own (operational)
jk6x7wvqyvzc,2019-04-13T12:22:00,2019-04-13T16:07:00,225,minor,resolved,Delayed Message Sending and Data Processing on US01,,,https://braze.statuspage.io/incidents/jk6x7wvqyvzc,company-own (operational)
syfzlp4t51zt,2019-04-13T11:31:00,2019-04-13T13:46:00,135,minor,resolved,US-01 Dashboard Degraded,,,https://braze.statuspage.io/incidents/syfzlp4t51zt,company-own (operational)
bz0fyzv89b5k,2019-04-12T21:20:00,2019-04-12T23:48:00,148,minor,resolved,US-01 Degraded Performance,,,https://braze.statuspage.io/incidents/bz0fyzv89b5k,company-own (operational)
9gds08y3xn6h,2019-04-12T15:24:00,2019-04-12T15:24:00,0,none,resolved,US-01 SDK Data Collection Outage,,,https://braze.statuspage.io/incidents/9gds08y3xn6h,company-own (operational)
wp5r1bd62885,2019-04-07T09:42:00,2019-04-07T10:53:00,71,minor,resolved,Investigating network issue in US,,,https://braze.statuspage.io/incidents/wp5r1bd62885,company-own (operational)
p9ck95vl409x,2019-04-03T13:24:00,2019-04-03T14:24:00,60,none,resolved,Issues saving Canvases with control steps,,,https://braze.statuspage.io/incidents/p9ck95vl409x,company-own (operational)
v32n5fyqkxg3,2019-03-26T20:00:00,2019-03-26T23:00:00,180,maintenance,resolved,[Scheduled] EU hardware upgrade maintenance - no impact expected,,,https://braze.statuspage.io/incidents/v32n5fyqkxg3,company-own (operational)
1975psyv1gqy,2019-03-20T07:46:00,2019-03-20T08:39:00,53,critical,resolved,Investigating dashboard timeouts on EU 01,,,https://braze.statuspage.io/incidents/1975psyv1gqy,company-own (operational)
k89w5jbrk20g,2019-03-18T13:28:00,2019-03-18T14:10:00,42,critical,resolved,US-01 SDK Data Collection Outage,,,https://braze.statuspage.io/incidents/k89w5jbrk20g,company-own (operational)
k3sl0f1303b0,2019-03-06T12:01:00,,,maintenance,resolved,[Scheduled] US data center network maintenance - no impact expected,,,https://braze.statuspage.io/incidents/k3sl0f1303b0,company-own (operational)
cxgk2kqb8s9l,2019-03-01T09:54:00,2019-03-01T09:54:00,0,none,resolved,Connectivity issues to US 01,,,https://braze.statuspage.io/incidents/cxgk2kqb8s9l,company-own (operational)
cc42bx20jrqc,2019-02-28T08:01:00,2019-02-28T08:44:00,43,minor,resolved,US-01 Degraded Performance,,,https://braze.statuspage.io/incidents/cc42bx20jrqc,company-own (operational)
4cdlnw78vfrf,2019-02-22T12:21:00,2019-02-22T13:15:00,54,none,resolved,Delayed Data Processing - US-01,,,https://braze.statuspage.io/incidents/4cdlnw78vfrf,company-own (operational)
v2gmyvph3011,2019-02-07T08:00:00,2019-02-07T19:45:00,705,minor,resolved,EU-01 Degraded Performance,,,https://braze.statuspage.io/incidents/v2gmyvph3011,company-own (operational)
xtzps92kr4hn,2019-02-05T23:21:00,2019-02-05T23:44:00,23,minor,resolved,US-01 Degraded Performance,,,https://braze.statuspage.io/incidents/xtzps92kr4hn,company-own (operational)
qtgtzsg8lh7q,2019-02-04T20:30:00,2019-02-04T21:47:00,77,maintenance,resolved,"[Scheduled] EU 01 maintenance on 2/5, 2/6, 2/7",,,https://braze.statuspage.io/incidents/qtgtzsg8lh7q,company-own (operational)
ms1d3cv91thp,2019-01-29T09:16:00,2019-01-29T09:16:00,0,none,resolved,Elevated error rates - US-01,,,https://braze.statuspage.io/incidents/ms1d3cv91thp,company-own (operational)
hmwbd7vtrwzx,2019-01-28T10:07:00,2019-01-28T11:37:00,90,minor,resolved,EU-01 Degraded Performance,,,https://braze.statuspage.io/incidents/hmwbd7vtrwzx,company-own (operational)
t8hvlc1kfsv5,2019-01-23T20:01:00,2019-01-23T21:00:00,59,maintenance,resolved,"[Scheduled] EU 01 maintenance on 1/23, 1/24, 1/25, and 1/28",,,https://braze.statuspage.io/incidents/t8hvlc1kfsv5,company-own (operational)
knsbpj7kw0rs,2019-01-22T20:00:00,2019-01-22T22:05:00,125,maintenance,resolved,"[Scheduled] EU 01 maintenance on 1/23, 1/24, 1/25, and 1/28",,,https://braze.statuspage.io/incidents/knsbpj7kw0rs,company-own (operational)
0sxxpw5s000c,2019-01-10T17:45:00,2019-01-10T18:21:00,36,minor,resolved,Investigating delayed data processing and message sending on US 03,,,https://braze.statuspage.io/incidents/0sxxpw5s000c,company-own (operational)
gqyp3ffqnnw0,2019-01-10T09:46:00,2019-01-10T11:32:00,106,minor,resolved,Delayed message sending and data processing on US 01,,,https://braze.statuspage.io/incidents/gqyp3ffqnnw0,company-own (operational)
tlz38wfg6z6f,2018-12-19T15:07:00,2018-12-19T18:35:00,208,minor,resolved,US-06 Degraded Performance,,,https://braze.statuspage.io/incidents/tlz38wfg6z6f,company-own (operational)
rblzl7kj8hx8,2018-12-02T07:11:00,2018-12-02T07:47:00,36,minor,resolved,Data processing delays on US-01 for some customers,,,https://braze.statuspage.io/incidents/rblzl7kj8hx8,company-own (operational)
lz69xc4fprz8,2018-11-28T12:46:00,2018-11-28T14:11:00,85,minor,resolved,Data processing delays on US-01,,,https://braze.statuspage.io/incidents/lz69xc4fprz8,company-own (operational)
pn162x3392xj,2018-11-12T07:19:00,2018-11-12T19:02:00,703,major,resolved,"Investigating database issues on EU 01 causing dashboard errors, delayed data processing",,,https://braze.statuspage.io/incidents/pn162x3392xj,company-own (operational)
zdx80dcrwz12,2018-11-08T13:29:00,2018-11-08T14:08:00,39,minor,resolved,Currents Delay in EU,,,https://braze.statuspage.io/incidents/zdx80dcrwz12,company-own (operational)
zwphzm9c8kwt,2018-11-08T09:44:00,2018-11-08T11:39:00,115,critical,resolved,US-01 Data collection API Outage,,,https://braze.statuspage.io/incidents/zwphzm9c8kwt,company-own (operational)
bk9d1k2t7777,2018-11-06T10:25:00,2018-11-06T13:58:00,213,minor,resolved,Delayed data processing and message sending on US01 Cluster,,,https://braze.statuspage.io/incidents/bk9d1k2t7777,company-own (operational)
57ypwp8z6zjn,2018-10-30T14:46:00,2018-10-30T17:52:00,186,major,resolved,US-01 Degraded Performance,,,https://braze.statuspage.io/incidents/57ypwp8z6zjn,company-own (operational)
fqbqlfgd0njj,2018-10-24T17:07:00,2018-10-24T18:18:00,71,minor,resolved,Dashboard Timeouts on US-04,,,https://braze.statuspage.io/incidents/fqbqlfgd0njj,company-own (operational)
nw0rb5tvstc0,2018-10-22T08:15:00,2018-10-22T09:15:00,60,minor,resolved,Currents Delay in EU,,,https://braze.statuspage.io/incidents/nw0rb5tvstc0,company-own (operational)
ys0k82fqp078,2018-10-11T16:06:00,2018-10-11T17:41:00,95,minor,resolved,Investigating increased error rates on US 01,,,https://braze.statuspage.io/incidents/ys0k82fqp078,company-own (operational)
r331pxdstl6m,2018-10-10T20:30:00,2018-10-10T22:41:00,131,maintenance,resolved,[Scheduled] EU 01 Currents Maintenance,,,https://braze.statuspage.io/incidents/r331pxdstl6m,company-own (operational)
3zmjwtn0l8m8,2018-10-02T11:15:00,2018-10-02T13:45:00,150,minor,resolved,US Currents Delays for S3 connectors,,,https://braze.statuspage.io/incidents/3zmjwtn0l8m8,company-own (operational)
bfdv7zmcjqjf,2018-09-17T10:50:00,2018-09-17T11:07:00,17,minor,resolved,Investigating connectivity issues for some EU customers,,,https://braze.statuspage.io/incidents/bfdv7zmcjqjf,company-own (operational)
02xwhnqds3kj,2018-09-14T14:18:00,2018-09-14T15:15:00,57,none,resolved,Currents Delay in US,,,https://braze.statuspage.io/incidents/02xwhnqds3kj,company-own (operational)
hyvzx53wmgbs,2018-08-29T23:17:00,2018-08-29T23:38:00,21,major,resolved,US cluster connectivity issues,,,https://braze.statuspage.io/incidents/hyvzx53wmgbs,company-own (operational)
kz4p8ph79qs6,2018-08-28T13:46:00,2018-08-28T14:18:00,32,minor,resolved,Currents Delay in EU,,,https://braze.statuspage.io/incidents/kz4p8ph79qs6,company-own (operational)
zhg10nkvr86s,2018-08-22T20:45:00,2018-08-22T21:57:00,72,maintenance,resolved,[Scheduled] EU 01 cluster database maintenance,,,https://braze.statuspage.io/incidents/zhg10nkvr86s,company-own (operational)
qyhgv2pm047c,2018-08-20T10:21:00,2018-08-20T16:24:00,363,minor,resolved,EU 01 connectivity issues,,,https://braze.statuspage.io/incidents/qyhgv2pm047c,company-own (operational)
9ph90qfbtgzh,2018-08-03T10:04:00,2018-08-03T14:18:00,254,minor,resolved,Data processing delays on US-01,,,https://braze.statuspage.io/incidents/9ph90qfbtgzh,company-own (operational)
29p501hcjml4,2018-07-24T15:16:00,2018-07-24T16:01:00,45,minor,resolved,EU 01 degraded data processing and message sending for some customers,,,https://braze.statuspage.io/incidents/29p501hcjml4,company-own (operational)
c2601g6tzv0j,2018-07-18T20:55:00,2018-07-18T23:01:00,126,minor,resolved,EU 01 degraded performance,,,https://braze.statuspage.io/incidents/c2601g6tzv0j,company-own (operational)
8m089jyhbkwn,2018-07-03T07:48:00,2018-07-03T10:59:00,191,critical,resolved,Elevated error rates - US-04,,,https://braze.statuspage.io/incidents/8m089jyhbkwn,company-own (operational)
nlnkxq8wtymw,2018-06-08T01:00:00,2018-06-08T03:00:00,120,maintenance,resolved,[Scheduled] US Network Maintenance - No Impact Expected,,,https://braze.statuspage.io/incidents/nlnkxq8wtymw,company-own (operational)
qxhb3jsr9hqp,2018-05-31T18:10:00,2018-05-31T19:12:00,62,minor,resolved,Investigating increased error rates in US 03,,,https://braze.statuspage.io/incidents/qxhb3jsr9hqp,company-own (operational)
hjqgcvd0rwdy,2018-05-04T14:22:00,2018-05-04T08:01:00,1059,minor,resolved,Currents Data Processing Delays,,,https://braze.statuspage.io/incidents/hjqgcvd0rwdy,company-own (operational)
33wp011jk2nb,2018-04-25T02:01:00,2018-04-25T05:01:00,180,maintenance,resolved,[Scheduled] US Network Maintenance - No Impact Expected,,,https://braze.statuspage.io/incidents/33wp011jk2nb,company-own (operational)
9hqh9zjn298q,2018-04-06T05:22:00,2018-04-06T05:39:00,17,none,resolved,US 03 degraded performance,,,https://braze.statuspage.io/incidents/9hqh9zjn298q,company-own (operational)
rbr8jj7tgj9m,2018-04-05T08:20:00,2018-04-05T08:34:00,14,minor,resolved,US 01 action-based campaign and canvas sending delays,,,https://braze.statuspage.io/incidents/rbr8jj7tgj9m,company-own (operational)
s6yh63qfsdm8,2018-03-30T14:34:00,2018-03-30T17:17:00,163,minor,resolved,Data processing delays on US clusters,,,https://braze.statuspage.io/incidents/s6yh63qfsdm8,company-own (operational)
cmw5hm25dr3z,2018-03-30T05:35:00,2018-03-30T06:22:00,47,minor,resolved,US 01 degraded performance,,,https://braze.statuspage.io/incidents/cmw5hm25dr3z,company-own (operational)
k34f6qm11h3x,2018-03-29T13:08:00,2018-03-29T15:55:00,167,minor,resolved,US 01 degraded performance,,,https://braze.statuspage.io/incidents/k34f6qm11h3x,company-own (operational)
17ny79p7z8jx,2018-03-28T16:35:00,2018-03-28T09:05:00,990,none,resolved,Currents export delayed for US clusters,,,https://braze.statuspage.io/incidents/17ny79p7z8jx,company-own (operational)
0gkzvbd7bwmh,2018-03-26T15:09:00,2018-03-26T16:03:00,54,major,resolved,Data Collection Issues,,,https://braze.statuspage.io/incidents/0gkzvbd7bwmh,company-own (operational)
6l917t25051g,2018-03-13T16:01:00,2018-03-13T16:31:00,30,minor,resolved,Delays sending Android push in EU 01 environment,,,https://braze.statuspage.io/incidents/6l917t25051g,company-own (operational)
58cw32pcw0pz,2018-03-09T17:20:00,2018-03-09T17:36:00,16,minor,resolved,Increased error rates for EU 01 REST API,,,https://braze.statuspage.io/incidents/58cw32pcw0pz,company-own (operational)
0njfy7h6gjp1,2018-01-25T11:04:00,2018-01-25T13:44:00,160,minor,resolved,EU 01 - Database Slowness,,,https://braze.statuspage.io/incidents/0njfy7h6gjp1,company-own (operational)
cnxp56g7d547,2018-01-05T10:57:00,2018-01-05T01:58:00,901,minor,resolved,"Monitoring impact of ""Meltdown"" related to Intel security vulnerability",,,https://braze.statuspage.io/incidents/cnxp56g7d547,company-own (operational)
0h1gkwbtc7z5,2017-12-21T13:43:00,2017-12-21T15:25:00,102,major,resolved,EU-01 - Elevated Errors,,,https://braze.statuspage.io/incidents/0h1gkwbtc7z5,company-own (operational)
998yynlnkknw,2017-11-28T11:37:00,2017-11-28T11:50:00,13,minor,resolved,Elevated error rates in API calls for US 03 environment,,,https://braze.statuspage.io/incidents/998yynlnkknw,company-own (operational)
ydjd4q7bh9vt,2017-11-16T08:00:00,2017-11-16T15:45:00,465,maintenance,resolved,"[Scheduled] New Dashboard UI Launch & Braze Cutover on Thursday, November 16th",,,https://braze.statuspage.io/incidents/ydjd4q7bh9vt,company-own (operational)
pm4wq1mmdkq1,2017-11-14T17:30:00,2017-11-14T17:54:00,24,minor,resolved,Delayed processing for EU cluster,,,https://braze.statuspage.io/incidents/pm4wq1mmdkq1,company-own (operational)
q73wkgfvf0gt,2017-11-11T08:56:00,2017-11-11T15:16:00,380,minor,resolved,Delayed data processing on US 01 cluster,,,https://braze.statuspage.io/incidents/q73wkgfvf0gt,company-own (operational)
d7httkp0dwnv,2017-11-10T13:19:00,2017-11-10T13:28:00,9,none,resolved,iOS Push Sending Delayed,,,https://braze.statuspage.io/incidents/d7httkp0dwnv,company-own (operational)
5g7xh5f8xq6c,2017-11-05T20:00:00,2017-11-05T21:36:00,96,maintenance,resolved,[Scheduled] Scheduled maintenance 11/05 at 8pm ET for US 01 - no service interruption expected,,,https://braze.statuspage.io/incidents/5g7xh5f8xq6c,company-own (operational)
yxqmd601mznq,2017-10-14T02:21:00,2017-10-14T05:40:00,199,minor,resolved,EU-01 - Delayed Data Process and Message Sending,,,https://braze.statuspage.io/incidents/yxqmd601mznq,company-own (operational)
vgrkkgwz8rxn,2017-10-09T16:53:00,2017-10-09T17:41:00,48,minor,resolved,We are investigating connectivity issues to the US 01 dashboard,,,https://braze.statuspage.io/incidents/vgrkkgwz8rxn,company-own (operational)
5ktv9mh72bd9,2017-10-03T08:34:00,2017-10-03T16:17:00,463,minor,resolved,Delayed data processing for some customers,,,https://braze.statuspage.io/incidents/5ktv9mh72bd9,company-own (operational)
y9mgbsjwz89y,2017-09-29T17:25:00,2017-09-29T22:31:00,306,minor,resolved,Delayed data processing and message sending for some customers,,,https://braze.statuspage.io/incidents/y9mgbsjwz89y,company-own (operational)
p2wk1p6xdzcz,2017-09-22T07:10:00,2017-09-22T07:57:00,47,minor,resolved,Delayed data processing for some customers,,,https://braze.statuspage.io/incidents/p2wk1p6xdzcz,company-own (operational)
f3hyx99clmtv,2017-09-14T12:38:00,2017-09-14T14:01:00,83,major,resolved,Investigating database issues affecting US 01,,,https://braze.statuspage.io/incidents/f3hyx99clmtv,company-own (operational)
r7c4d97gnwsl,2017-09-12T15:43:00,2017-09-12T18:12:00,149,critical,resolved,Platform Outage - US-02 Cluster,,,https://braze.statuspage.io/incidents/r7c4d97gnwsl,company-own (operational)
mqf4219nzz74,2017-09-09T01:27:00,2017-09-09T01:41:00,14,minor,resolved,Elevated error rates - US-01,,,https://braze.statuspage.io/incidents/mqf4219nzz74,company-own (operational)
w7h351wmw7j5,2017-08-23T15:12:00,2017-08-23T21:10:00,358,minor,resolved,Connectivity to US cluster seeming due to AWS incident,,,https://braze.statuspage.io/incidents/w7h351wmw7j5,company-own (operational)
rf9gv2yydp5f,2017-08-15T14:01:00,2017-08-15T18:10:00,249,minor,resolved,Connectivity to US cluster seeming due to AWS incident,,,https://braze.statuspage.io/incidents/rf9gv2yydp5f,company-own (operational)
sw457vhl8vdg,2017-08-10T12:02:00,2017-08-10T12:16:00,14,major,resolved,Connectivity issues on EU cluster,,,https://braze.statuspage.io/incidents/sw457vhl8vdg,company-own (operational)
nl1g1r1f9csy,2017-08-05T08:49:00,2017-08-05T10:14:00,85,minor,resolved,Elevated error rates on Data Collection,,,https://braze.statuspage.io/incidents/nl1g1r1f9csy,company-own (operational)
2qgcql99yr1b,2017-08-02T19:41:00,2017-08-02T20:38:00,57,critical,resolved,Investigating major connectivity issues,,,https://braze.statuspage.io/incidents/2qgcql99yr1b,company-own (operational)
kq7dlnchpgsh,2017-07-27T20:42:00,2017-07-27T21:23:00,41,minor,resolved,Delayed data processing and message sending due to AWS connectivity errors,,,https://braze.statuspage.io/incidents/kq7dlnchpgsh,company-own (operational)
2cmblkpk618n,2017-07-27T09:57:00,2017-07-27T11:48:00,111,critical,resolved,Investigating connectivity issues,,,https://braze.statuspage.io/incidents/2cmblkpk618n,company-own (operational)
r115r9w493xt,2017-07-26T12:34:00,2017-07-26T14:53:00,139,minor,resolved,APNS Outage - US Clusters,,,https://braze.statuspage.io/incidents/r115r9w493xt,company-own (operational)
gpqzby705dzq,2017-07-24T14:21:00,2017-07-24T16:10:00,109,minor,resolved,Elevated errors on EU Cluster,,,https://braze.statuspage.io/incidents/gpqzby705dzq,company-own (operational)
klqpqxscydzy,2017-07-06T04:30:00,2017-07-06T08:30:00,240,maintenance,resolved,[Scheduled] AWS Direct Connect Maintenance - No Impact Expected,,,https://braze.statuspage.io/incidents/klqpqxscydzy,company-own (operational)
qqxy5y92dpxz,2017-06-28T10:01:00,2017-06-28T12:53:00,172,minor,resolved,Investigating connectivity issues,,,https://braze.statuspage.io/incidents/qqxy5y92dpxz,company-own (operational)
g8txm9q0h77c,2017-06-26T14:53:00,2017-06-26T15:46:00,53,minor,resolved,Data processing delays,,,https://braze.statuspage.io/incidents/g8txm9q0h77c,company-own (operational)
1kqt51dsc9zt,2017-06-09T09:09:00,2017-06-09T09:34:00,25,major,resolved,Delayed data processing and elevated REST API errors,,,https://braze.statuspage.io/incidents/1kqt51dsc9zt,company-own (operational)
6jh5wd4z6y40,2017-05-31T11:50:00,2017-05-31T12:07:00,17,minor,resolved,"Delayed data processing, data collection and message sending",,,https://braze.statuspage.io/incidents/6jh5wd4z6y40,company-own (operational)
4fccp0f7pv9z,2017-05-10T04:00:00,2017-05-10T08:00:00,240,maintenance,resolved,[Scheduled] AWS Direct Connect Maintenance - No Impact Expected,,,https://braze.statuspage.io/incidents/4fccp0f7pv9z,company-own (operational)
w4kshfxzmqzb,2017-05-04T21:54:00,2017-05-04T22:09:00,15,minor,resolved,Delayed data processing and message sending,,,https://braze.statuspage.io/incidents/w4kshfxzmqzb,company-own (operational)
yxlys0g7h29c,2017-04-11T21:14:00,2017-04-11T22:30:00,76,minor,resolved,Delayed data processing,,,https://braze.statuspage.io/incidents/yxlys0g7h29c,company-own (operational)
8xq7nnx86ftg,2017-03-13T00:00:00,2017-03-13T00:53:00,53,maintenance,resolved,[Scheduled] Maintenance to campaign and canvas time series database,,,https://braze.statuspage.io/incidents/8xq7nnx86ftg,company-own (operational)
kycrhwjrj2nf,2017-03-01T14:22:00,2017-03-01T15:37:00,75,major,resolved,Elevated error rates from API and delayed message sending,,,https://braze.statuspage.io/incidents/kycrhwjrj2nf,company-own (operational)
mc2sz8mk8k81,2017-02-28T13:07:00,2017-02-28T17:34:00,267,minor,resolved,Elevated Error Rates on Message Sending and Dashboard Services Due to AWS S3 Incident,,,https://braze.statuspage.io/incidents/mc2sz8mk8k81,company-own (operational)
mf7tq8hmfsy7,2017-01-22T05:40:00,2017-01-22T08:57:00,197,minor,resolved,Data Processing Delays,,,https://braze.statuspage.io/incidents/mf7tq8hmfsy7,company-own (operational)
kx1jnyxmdd9w,2017-01-13T09:59:00,2017-01-13T10:34:00,35,minor,resolved,Slow connectivity to the web dashboard,,,https://braze.statuspage.io/incidents/kx1jnyxmdd9w,company-own (operational)
s5j8brqbg8cr,2016-12-06T13:09:00,2016-12-06T14:03:00,54,minor,resolved,Data processing and message sending delays,,,https://braze.statuspage.io/incidents/s5j8brqbg8cr,company-own (operational)
grcvd2bbxl3t,2016-11-25T00:37:00,2016-11-25T03:37:00,180,none,resolved,EU data center delays,,,https://braze.statuspage.io/incidents/grcvd2bbxl3t,company-own (operational)
8xg755qzvrhx,2016-11-23T03:46:00,2016-11-23T05:22:00,96,none,resolved,Elevated Error Rates on SDK API EU,,,https://braze.statuspage.io/incidents/8xg755qzvrhx,company-own (operational)
wyx79g6bwm2x,2016-11-18T01:00:00,2016-11-18T04:26:00,206,maintenance,resolved,[Scheduled] Database maintenance,,,https://braze.statuspage.io/incidents/wyx79g6bwm2x,company-own (operational)
ntlc6vvwcy6v,2016-11-16T12:01:00,2016-11-16T12:55:00,54,minor,resolved,Investigating connectivity issues,,,https://braze.statuspage.io/incidents/ntlc6vvwcy6v,company-own (operational)
hbcrckh7579z,2016-11-09T07:55:00,2016-11-09T08:16:00,21,minor,resolved,Data processing delays,,,https://braze.statuspage.io/incidents/hbcrckh7579z,company-own (operational)
n9ph03c8bs9n,2016-11-06T12:35:00,2016-11-06T12:55:00,20,minor,resolved,Data processing delays,,,https://braze.statuspage.io/incidents/n9ph03c8bs9n,company-own (operational)
44hzc1fhv26t,2016-11-05T14:12:00,2016-11-05T15:51:00,99,none,resolved,Database Failure,,,https://braze.statuspage.io/incidents/44hzc1fhv26t,company-own (operational)
34t1mtwsdd0m,2016-11-05T11:56:00,2016-11-05T12:43:00,47,minor,resolved,Message sending delays,,,https://braze.statuspage.io/incidents/34t1mtwsdd0m,company-own (operational)
74kmpx96zg7b,2016-11-01T01:01:00,2016-11-01T01:19:00,18,maintenance,resolved,[Scheduled] Network maintenance,,,https://braze.statuspage.io/incidents/74kmpx96zg7b,company-own (operational)
j3y56bpsdbyz,2016-10-23T00:01:00,2016-10-23T04:24:00,263,maintenance,resolved,[Scheduled] Network maintenance - no customer impact expected,,,https://braze.statuspage.io/incidents/j3y56bpsdbyz,company-own (operational)
nkt7kqm79p68,2016-10-21T11:59:00,2016-10-21T18:03:00,364,none,resolved,Global DNS Event,,,https://braze.statuspage.io/incidents/nkt7kqm79p68,company-own (operational)
001lp1yz3flp,2016-10-21T08:12:00,2016-10-21T09:51:00,99,minor,resolved,DNS issue caused by attack on DYN,,,https://braze.statuspage.io/incidents/001lp1yz3flp,company-own (operational)
gbxg6lxg7y6c,2016-10-17T01:01:00,2016-10-17T03:33:00,152,maintenance,resolved,[Scheduled] Database Maintenance,,,https://braze.statuspage.io/incidents/gbxg6lxg7y6c,company-own (operational)
m4n21ft4tv49,2016-10-16T05:08:00,2016-10-16T07:16:00,128,none,resolved,Data Processing Delays,,,https://braze.statuspage.io/incidents/m4n21ft4tv49,company-own (operational)
2gk5fq35cqb8,2016-10-14T00:01:00,2016-10-14T00:22:00,21,maintenance,resolved,[Scheduled] Network maintenance - no customer impact expected,,,https://braze.statuspage.io/incidents/2gk5fq35cqb8,company-own (operational)
p3tlxfnrsl4g,2016-10-11T10:22:00,2016-10-11T16:47:00,385,minor,resolved,Data Processing Delays,,,https://braze.statuspage.io/incidents/p3tlxfnrsl4g,company-own (operational)
vptd9bztb5k0,2016-10-09T00:01:00,2016-10-09T01:15:00,74,maintenance,resolved,[Scheduled] Data center maintenance - no customer impact expected,,,https://braze.statuspage.io/incidents/vptd9bztb5k0,company-own (operational)
