panel,record,chars,rating,segment,complaints,praise,evidence
g2,1,1437,4.5,,learning curve|reporting / export|feature gaps,ease of use|support|orchestration|personalisation|analytics|AI features,third-party (review panel)
g2,2,1313,4.5,enterprise,,orchestration|personalisation|AI features,third-party (review panel)
g2,3,2365,4,small business,implementation|reporting / export|speed / performance,support|analytics|AI features,third-party (review panel)
g2,4,1837,4.5,mid market,reporting / export,orchestration|personalisation|analytics|AI features,third-party (review panel)
g2,5,1329,5,enterprise,learning curve|reporting / export|price / cost,ease of use|orchestration|personalisation,third-party (review panel)
g2,6,1384,4,enterprise,feature gaps,orchestration|personalisation|AI features,third-party (review panel)
gartner,1,3151,4.5,,reporting / export|templates / editor|documentation,ease of use|orchestration|channels / reach|reliability|AI features,third-party (review panel)
github_issues,1,2303,,,,,third-party (review panel)
github_issues,2,2113,,,documentation|bugs / reliability,,third-party (review panel)
github_issues,3,2107,,,,,third-party (review panel)
github_issues,4,2121,,,implementation|documentation,,third-party (review panel)
github_issues,5,2143,,,bugs / reliability,,third-party (review panel)
github_issues,6,2161,,,price / cost|bugs / reliability,,third-party (review panel)
github_issues,7,2119,,,bugs / reliability,orchestration,third-party (review panel)
github_issues,8,2125,,,bugs / reliability,,third-party (review panel)
github_issues,9,671,,,implementation,,third-party (review panel)
github_issues,10,2080,,,bugs / reliability,reliability,third-party (review panel)
github_issues,11,722,,,bugs / reliability,,third-party (review panel)
github_issues,12,2088,,,documentation|bugs / reliability,,third-party (review panel)
github_issues,13,2088,,,speed / performance|documentation|bugs / reliability,,third-party (review panel)
github_issues,14,1262,,,,,third-party (review panel)
github_issues,15,2112,,,,,third-party (review panel)
github_issues,16,1277,,,implementation|documentation,,third-party (review panel)
github_issues,17,2096,,,bugs / reliability,,third-party (review panel)
github_issues,18,2098,,,bugs / reliability,,third-party (review panel)
github_issues,19,335,,,,,third-party (review panel)
github_issues,20,1170,,,implementation|documentation,,third-party (review panel)
github_issues,21,598,,,bugs / reliability,,third-party (review panel)
github_issues,22,2116,,,bugs / reliability,,third-party (review panel)
github_issues,23,2136,,,bugs / reliability,reliability,third-party (review panel)
github_issues,24,1443,,,implementation|documentation,,third-party (review panel)
github_issues,25,2175,,,bugs / reliability,,third-party (review panel)
github_issues,26,2117,,,documentation|bugs / reliability,,third-party (review panel)
github_issues,27,2144,,,reporting / export|documentation,,third-party (review panel)
github_issues,28,2145,,,speed / performance|bugs / reliability,,third-party (review panel)
github_issues,29,925,,,implementation|bugs / reliability,,third-party (review panel)
github_issues,30,2115,,,templates / editor|bugs / reliability,,third-party (review panel)
github_issues,31,2124,,,bugs / reliability,,third-party (review panel)
github_issues,32,958,,,,,third-party (review panel)
github_issues,33,2125,,,bugs / reliability,analytics,third-party (review panel)
github_issues,34,2135,,,reporting / export|bugs / reliability,,third-party (review panel)
github_issues,35,2108,,,,,third-party (review panel)
github_issues,36,2114,,,feature gaps|bugs / reliability,,third-party (review panel)
github_issues,37,2136,,,,,third-party (review panel)
github_issues,38,2120,,,implementation|bugs / reliability,,third-party (review panel)
github_issues,39,1001,,,,,third-party (review panel)
github_issues,40,2108,,,templates / editor|bugs / reliability,orchestration,third-party (review panel)
github_issues,41,1170,,,implementation|bugs / reliability,,third-party (review panel)
github_issues,42,2105,,,documentation|bugs / reliability,,third-party (review panel)
github_issues,43,687,,,bugs / reliability,,third-party (review panel)
github_issues,44,1550,,,bugs / reliability,,third-party (review panel)
github_issues,45,887,,,bugs / reliability,,third-party (review panel)
github_issues,46,1706,,,bugs / reliability,,third-party (review panel)
github_issues,47,693,,,bugs / reliability,,third-party (review panel)
github_issues,48,2085,,,bugs / reliability,AI features,third-party (review panel)
github_issues,49,1120,,,bugs / reliability,,third-party (review panel)
github_issues,50,2070,,,documentation|bugs / reliability,,third-party (review panel)
github_issues,51,1363,,,bugs / reliability,,third-party (review panel)
github_issues,52,1117,,,reporting / export,,third-party (review panel)
github_issues,53,1518,,,feature gaps|documentation|bugs / reliability,,third-party (review panel)
github_issues,54,1499,,,reporting / export|documentation|bugs / reliability,,third-party (review panel)
github_issues,55,967,,,documentation,,third-party (review panel)
github_issues,56,1212,,,implementation|feature gaps,,third-party (review panel)
github_issues,57,2115,,,implementation|reporting / export|speed / performance|bugs / reliability,reliability,third-party (review panel)
github_issues,58,1291,,,bugs / reliability,,third-party (review panel)
github_issues,59,1605,,,implementation|feature gaps,,third-party (review panel)
github_issues,60,599,,,feature gaps|bugs / reliability,,third-party (review panel)
github_issues,61,1244,,,reporting / export|bugs / reliability,,third-party (review panel)
github_issues,62,2101,,,reporting / export|bugs / reliability,,third-party (review panel)
github_issues,63,959,,,templates / editor,,third-party (review panel)
github_issues,64,2125,,,bugs / reliability,,third-party (review panel)
github_issues,65,842,,,implementation,,third-party (review panel)
github_issues,66,1041,,,bugs / reliability,,third-party (review panel)
github_issues,67,534,,,speed / performance,,third-party (review panel)
github_issues,68,2171,,,bugs / reliability,,third-party (review panel)
github_issues,69,2126,,,speed / performance|bugs / reliability,,third-party (review panel)
github_issues,70,2061,,,implementation|reporting / export|bugs / reliability,,third-party (review panel)
github_issues,71,2102,,,bugs / reliability,analytics,third-party (review panel)
github_issues,72,2111,,,reporting / export|templates / editor|bugs / reliability,reliability,third-party (review panel)
github_issues,73,868,,,speed / performance|feature gaps|bugs / reliability,,third-party (review panel)
github_issues,74,1915,,,implementation|speed / performance|feature gaps,reliability,third-party (review panel)
github_issues,75,1147,,,speed / performance|bugs / reliability,,third-party (review panel)
github_issues,76,1765,,,bugs / reliability,,third-party (review panel)
github_issues,77,598,,,bugs / reliability,,third-party (review panel)
github_issues,78,2073,,,bugs / reliability,,third-party (review panel)
github_issues,79,584,,,documentation|bugs / reliability,,third-party (review panel)
github_issues,80,2092,,,bugs / reliability,,third-party (review panel)
github_issues,81,2122,,,bugs / reliability,,third-party (review panel)
github_issues,82,558,,,implementation,,third-party (review panel)
github_issues,83,1671,,,,,third-party (review panel)
github_issues,84,651,,,bugs / reliability,,third-party (review panel)
github_issues,85,2157,,,implementation|bugs / reliability,,third-party (review panel)
github_issues,86,259,,,,,third-party (review panel)
github_issues,87,1302,,,bugs / reliability,,third-party (review panel)
github_issues,88,561,,,documentation,,third-party (review panel)
github_issues,89,2110,,,speed / performance|bugs / reliability,,third-party (review panel)
github_issues,90,1014,,,bugs / reliability,,third-party (review panel)
github_issues,91,871,,,implementation|documentation,,third-party (review panel)
github_issues,92,2090,,,bugs / reliability,reliability,third-party (review panel)
github_issues,93,1883,,,reporting / export|bugs / reliability,,third-party (review panel)
github_issues,94,671,,,,,third-party (review panel)
github_issues,95,1287,,,implementation|bugs / reliability,,third-party (review panel)
github_issues,96,1689,,,bugs / reliability,,third-party (review panel)
github_issues,97,1915,,,bugs / reliability,,third-party (review panel)
github_issues,98,1098,,,bugs / reliability,,third-party (review panel)
github_issues,99,2080,,,bugs / reliability,,third-party (review panel)
github_issues,100,2082,,,bugs / reliability,,third-party (review panel)
github_issues,101,2100,,,implementation,,third-party (review panel)
github_issues,102,748,,,bugs / reliability,,third-party (review panel)
github_issues,103,1031,,,documentation|bugs / reliability,,third-party (review panel)
github_issues,104,308,,,,,third-party (review panel)
github_issues,105,1647,,,feature gaps|bugs / reliability,,third-party (review panel)
github_issues,106,826,,,bugs / reliability,,third-party (review panel)
github_issues,107,984,,,bugs / reliability,,third-party (review panel)
github_issues,108,1223,,,feature gaps|bugs / reliability,,third-party (review panel)
github_issues,109,2103,,,reporting / export|bugs / reliability,,third-party (review panel)
github_issues,110,1507,,,bugs / reliability,,third-party (review panel)
github_issues,111,1287,,,bugs / reliability,,third-party (review panel)
github_issues,112,2069,,,implementation,,third-party (review panel)
github_issues,113,1872,,,bugs / reliability,,third-party (review panel)
github_issues,114,2112,,,reporting / export|documentation|bugs / reliability,,third-party (review panel)
github_issues,115,234,,,templates / editor,,third-party (review panel)
github_issues,116,495,,,implementation,,third-party (review panel)
github_issues,117,2078,,,documentation|bugs / reliability,,third-party (review panel)
github_issues,118,1976,,,implementation|bugs / reliability,,third-party (review panel)
github_issues,119,1225,,,reporting / export|bugs / reliability,,third-party (review panel)
github_issues,120,2107,,,speed / performance|bugs / reliability,,third-party (review panel)
github_issues,121,2073,,,bugs / reliability,,third-party (review panel)
github_issues,122,598,,,bugs / reliability,,third-party (review panel)
github_issues,123,413,,,,,third-party (review panel)
github_issues,124,1107,,,bugs / reliability,,third-party (review panel)
github_issues,125,2117,,,bugs / reliability,analytics,third-party (review panel)
github_issues,126,603,,,bugs / reliability,,third-party (review panel)
github_issues,127,893,,,bugs / reliability,,third-party (review panel)
github_issues,128,1298,,,bugs / reliability,,third-party (review panel)
github_issues,129,2102,,,speed / performance,,third-party (review panel)
github_issues,130,1288,,,documentation|bugs / reliability,,third-party (review panel)
github_issues,131,1241,,,documentation,,third-party (review panel)
github_issues,132,650,,,,,third-party (review panel)
github_issues,133,1759,,,bugs / reliability,,third-party (review panel)
github_issues,134,1089,,,documentation|bugs / reliability,,third-party (review panel)
github_issues,135,2150,,,feature gaps|bugs / reliability,,third-party (review panel)
github_issues,136,579,,,,,third-party (review panel)
github_issues,137,2065,,,reporting / export|bugs / reliability,,third-party (review panel)
github_issues,138,2012,,,implementation|feature gaps|documentation|bugs / reliability,,third-party (review panel)
github_issues,139,2066,,,implementation|documentation|bugs / reliability,,third-party (review panel)
github_issues,140,2070,,,bugs / reliability,,third-party (review panel)
github_issues,141,2078,,,bugs / reliability,,third-party (review panel)
github_issues,142,426,,,,,third-party (review panel)
github_issues,143,2110,,,reporting / export|bugs / reliability,,third-party (review panel)
github_issues,144,2066,,,bugs / reliability,,third-party (review panel)
github_issues,145,669,,,documentation|bugs / reliability,,third-party (review panel)
github_issues,146,993,,,reporting / export|bugs / reliability,,third-party (review panel)
github_issues,147,2069,,,documentation|bugs / reliability,,third-party (review panel)
github_issues,148,683,,,bugs / reliability,,third-party (review panel)
github_issues,149,1018,,,bugs / reliability,,third-party (review panel)
github_issues,150,786,,,speed / performance|bugs / reliability,,third-party (review panel)
github_issues,151,676,,,speed / performance|bugs / reliability,,third-party (review panel)
github_issues,152,1274,,,bugs / reliability,,third-party (review panel)
github_issues,153,994,,,bugs / reliability,,third-party (review panel)
github_issues,154,1505,,,implementation|documentation|bugs / reliability,,third-party (review panel)
github_issues,155,2111,,,bugs / reliability,,third-party (review panel)
github_issues,156,626,,,templates / editor,,third-party (review panel)
github_issues,157,743,,,templates / editor|bugs / reliability,,third-party (review panel)
github_issues,158,2058,,,bugs / reliability,,third-party (review panel)
github_issues,159,1979,,,feature gaps|documentation,,third-party (review panel)
github_issues,160,1395,,,,,third-party (review panel)
github_issues,161,1571,,,bugs / reliability,,third-party (review panel)
github_issues,162,1086,,,,,third-party (review panel)
github_issues,163,1679,,,bugs / reliability,,third-party (review panel)
github_issues,164,828,,,documentation|bugs / reliability,,third-party (review panel)
github_issues,165,1355,,,implementation|feature gaps|documentation,analytics,third-party (review panel)
github_issues,166,1195,,,feature gaps|bugs / reliability,,third-party (review panel)
github_issues,167,494,,,,,third-party (review panel)
github_issues,168,631,,,bugs / reliability,,third-party (review panel)
github_issues,169,1022,,,bugs / reliability,,third-party (review panel)
github_issues,170,613,,,,,third-party (review panel)
github_issues,171,493,,,speed / performance,,third-party (review panel)
github_issues,172,1051,,,bugs / reliability,,third-party (review panel)
github_issues,173,786,,,reporting / export|bugs / reliability,,third-party (review panel)
github_issues,174,1003,,,bugs / reliability,,third-party (review panel)
github_issues,175,1031,,,documentation|bugs / reliability,,third-party (review panel)
github_issues,176,142,,,bugs / reliability,,third-party (review panel)
github_issues,177,349,,,,,third-party (review panel)
github_issues,178,1021,,,speed / performance|bugs / reliability,,third-party (review panel)
github_issues,179,2062,,,reporting / export|bugs / reliability,,third-party (review panel)
github_issues,180,2087,,,documentation|bugs / reliability,,third-party (review panel)
github_issues,181,1113,,,bugs / reliability,,third-party (review panel)
github_issues,182,2065,,,reporting / export|bugs / reliability,,third-party (review panel)
github_issues,183,2129,,,bugs / reliability,,third-party (review panel)
github_issues,184,505,,,,,third-party (review panel)
github_issues,185,750,,,bugs / reliability,,third-party (review panel)
github_issues,186,844,,,feature gaps|documentation,orchestration|personalisation,third-party (review panel)
github_issues,187,2068,,,bugs / reliability,,third-party (review panel)
github_issues,188,416,,,,,third-party (review panel)
github_issues,189,1017,,,documentation|bugs / reliability,,third-party (review panel)
github_issues,190,738,,,bugs / reliability,,third-party (review panel)
github_issues,191,360,,,implementation|documentation,,third-party (review panel)
github_issues,192,412,,,,,third-party (review panel)
github_issues,193,1023,,,reporting / export|bugs / reliability,,third-party (review panel)
github_issues,194,2078,,,reporting / export|bugs / reliability,,third-party (review panel)
github_issues,195,677,,,feature gaps|bugs / reliability,,third-party (review panel)
github_issues,196,1030,,,bugs / reliability,,third-party (review panel)
github_issues,197,1227,,,reporting / export|bugs / reliability,,third-party (review panel)
github_issues,198,532,,,bugs / reliability,,third-party (review panel)
github_issues,199,1235,,,implementation|documentation|bugs / reliability,,third-party (review panel)
github_issues,200,1021,,,bugs / reliability,,third-party (review panel)
github_issues,201,1402,,,bugs / reliability,,third-party (review panel)
github_issues,202,770,,,feature gaps,,third-party (review panel)
github_issues,203,2122,,,documentation|bugs / reliability,personalisation|analytics,third-party (review panel)
github_issues,204,2086,,,implementation|speed / performance|bugs / reliability,,third-party (review panel)
github_issues,205,2123,,,documentation|bugs / reliability,personalisation|analytics,third-party (review panel)
github_issues,206,1046,,,feature gaps|documentation|bugs / reliability,,third-party (review panel)
github_issues,207,743,,,,,third-party (review panel)
github_issues,208,1150,,,documentation|bugs / reliability,,third-party (review panel)
github_issues,209,2104,,,reporting / export|bugs / reliability,,third-party (review panel)
github_issues,210,348,,,documentation,,third-party (review panel)
github_issues,211,401,,,,,third-party (review panel)
github_issues,212,1661,,,implementation|bugs / reliability,,third-party (review panel)
github_issues,213,642,,,reporting / export|bugs / reliability,,third-party (review panel)
github_issues,214,1400,,,feature gaps|bugs / reliability,,third-party (review panel)
github_issues,215,2184,,,speed / performance|bugs / reliability,,third-party (review panel)
github_issues,216,986,,,bugs / reliability,,third-party (review panel)
github_issues,217,392,,,bugs / reliability,,third-party (review panel)
github_issues,218,1804,,,implementation|bugs / reliability,,third-party (review panel)
github_issues,219,939,,,bugs / reliability,,third-party (review panel)
github_issues,220,2084,,,bugs / reliability,,third-party (review panel)
github_issues,221,2163,,,documentation|bugs / reliability,,third-party (review panel)
github_issues,222,1457,,,reporting / export|bugs / reliability,,third-party (review panel)
github_issues,223,1857,,,reporting / export|bugs / reliability,,third-party (review panel)
github_issues,224,1346,,,bugs / reliability,,third-party (review panel)
github_issues,225,573,,,bugs / reliability,,third-party (review panel)
github_issues,226,422,,,,,third-party (review panel)
github_issues,227,357,,,,,third-party (review panel)
github_issues,228,1665,,,bugs / reliability,,third-party (review panel)
github_issues,229,943,,,bugs / reliability,,third-party (review panel)
github_issues,230,517,,,,,third-party (review panel)
github_issues,231,1142,,,implementation|documentation,analytics,third-party (review panel)
github_issues,232,993,,,reporting / export|bugs / reliability,,third-party (review panel)
github_issues,233,2108,,,bugs / reliability,,third-party (review panel)
github_issues,234,2114,,,speed / performance|bugs / reliability,,third-party (review panel)
github_issues,235,2109,,,implementation|reporting / export|bugs / reliability,,third-party (review panel)
github_issues,236,1841,,,,ease of use,third-party (review panel)
github_issues,237,467,,,bugs / reliability,,third-party (review panel)
github_issues,238,2232,,,implementation|bugs / reliability,,third-party (review panel)
github_issues,239,662,,,bugs / reliability,,third-party (review panel)
github_issues,240,1598,,,documentation|bugs / reliability,,third-party (review panel)
github_issues,241,1096,,,bugs / reliability,,third-party (review panel)
github_issues,242,2117,,,,reliability,third-party (review panel)
github_issues,243,783,,,reporting / export|documentation|bugs / reliability,,third-party (review panel)
github_issues,244,2109,,,bugs / reliability,analytics,third-party (review panel)
github_issues,245,478,,,implementation,reliability,third-party (review panel)
github_issues,246,1935,,,bugs / reliability,,third-party (review panel)
github_issues,247,404,,,,,third-party (review panel)
github_issues,248,456,,,,,third-party (review panel)
github_issues,249,746,,,implementation|documentation|bugs / reliability,,third-party (review panel)
github_issues,250,1566,,,bugs / reliability,,third-party (review panel)
github_issues,251,790,,,implementation|bugs / reliability,,third-party (review panel)
github_issues,252,1182,,,feature gaps|documentation,,third-party (review panel)
github_issues,253,1599,,,bugs / reliability,,third-party (review panel)
github_issues,254,1538,,,bugs / reliability,,third-party (review panel)
github_issues,255,845,,,reporting / export|bugs / reliability,,third-party (review panel)
github_issues,256,1327,,,reporting / export|feature gaps|bugs / reliability,,third-party (review panel)
github_issues,257,2097,,,implementation|documentation|bugs / reliability,,third-party (review panel)
github_issues,258,2144,,,documentation|bugs / reliability,,third-party (review panel)
github_issues,259,1256,,,bugs / reliability,AI features,third-party (review panel)
github_issues,260,1600,,,bugs / reliability,AI features,third-party (review panel)
github_issues,261,446,,,,,third-party (review panel)
github_issues,262,1069,,,reporting / export|documentation,,third-party (review panel)
github_issues,263,1380,,,bugs / reliability,,third-party (review panel)
github_issues,264,837,,,,,third-party (review panel)
github_issues,265,698,,,documentation,,third-party (review panel)
github_issues,266,2109,,,speed / performance,,third-party (review panel)
github_issues,267,488,,,,,third-party (review panel)
github_issues,268,1388,,,bugs / reliability,,third-party (review panel)
github_issues,269,2087,,,implementation|speed / performance|feature gaps|bugs / reliability,,third-party (review panel)
github_issues,270,919,,,bugs / reliability,analytics,third-party (review panel)
github_issues,271,1446,,,implementation|documentation|bugs / reliability,,third-party (review panel)
github_issues,272,1801,,,speed / performance|bugs / reliability,,third-party (review panel)
github_issues,273,1075,,,bugs / reliability,,third-party (review panel)
github_issues,274,1088,,,bugs / reliability,,third-party (review panel)
github_issues,275,1095,,,bugs / reliability,,third-party (review panel)
github_issues,276,2096,,,bugs / reliability,,third-party (review panel)
github_issues,277,1666,,,bugs / reliability,,third-party (review panel)
github_issues,278,2121,,,,,third-party (review panel)
github_issues,279,1911,,,implementation|reporting / export|feature gaps,reliability,third-party (review panel)
github_issues,280,2063,,,feature gaps|bugs / reliability,,third-party (review panel)
github_issues,281,947,,,,,third-party (review panel)
github_issues,282,725,,,feature gaps,,third-party (review panel)
github_issues,283,2116,,,bugs / reliability,,third-party (review panel)
github_issues,284,619,,,bugs / reliability,,third-party (review panel)
github_issues,285,481,,,,,third-party (review panel)
github_issues,286,508,,,,,third-party (review panel)
github_issues,287,2097,,,bugs / reliability,,third-party (review panel)
github_issues,288,2001,,,,,third-party (review panel)
github_issues,289,2103,,,implementation|bugs / reliability,,third-party (review panel)
github_issues,290,2068,,,bugs / reliability,,third-party (review panel)
github_issues,291,2120,,,documentation|bugs / reliability,,third-party (review panel)
github_issues,292,1250,,,feature gaps|documentation|bugs / reliability,,third-party (review panel)
github_issues,293,618,,,bugs / reliability,,third-party (review panel)
github_issues,294,2099,,,speed / performance|bugs / reliability,,third-party (review panel)
github_issues,295,2084,,,bugs / reliability,,third-party (review panel)
github_issues,296,2156,,,bugs / reliability,,third-party (review panel)
github_issues,297,1110,,,feature gaps|bugs / reliability,,third-party (review panel)
github_issues,298,2078,,,reporting / export|bugs / reliability,,third-party (review panel)
github_issues,299,1217,,,documentation|bugs / reliability,,third-party (review panel)
github_issues,300,2101,,,bugs / reliability,,third-party (review panel)
github_issues,301,1413,,,speed / performance|documentation|bugs / reliability,,third-party (review panel)
github_issues,302,2138,,,bugs / reliability,analytics,third-party (review panel)
github_issues,303,2120,,,feature gaps|bugs / reliability,,third-party (review panel)
github_issues,304,738,,,reporting / export|feature gaps|bugs / reliability,,third-party (review panel)
github_issues,305,608,,,documentation,,third-party (review panel)
github_issues,306,940,,,documentation,,third-party (review panel)
github_issues,307,1501,,,reporting / export|bugs / reliability,reliability,third-party (review panel)
github_issues,308,1689,,,documentation|bugs / reliability,,third-party (review panel)
github_issues,309,1258,,,implementation|documentation|bugs / reliability,,third-party (review panel)
github_issues,310,2126,,,bugs / reliability,,third-party (review panel)
github_issues,311,2114,,,feature gaps|documentation|bugs / reliability,,third-party (review panel)
github_issues,312,603,,,feature gaps,,third-party (review panel)
github_issues,313,2111,,,bugs / reliability,,third-party (review panel)
github_issues,314,2067,,,documentation|bugs / reliability,,third-party (review panel)
github_issues,315,2059,,,feature gaps|bugs / reliability,,third-party (review panel)
github_issues,316,1874,,,bugs / reliability,,third-party (review panel)
github_issues,317,1170,,,bugs / reliability,,third-party (review panel)
github_issues,318,1408,,,bugs / reliability,,third-party (review panel)
github_issues,319,1453,,,bugs / reliability,,third-party (review panel)
github_issues,320,2083,,,reporting / export,,third-party (review panel)
github_issues,321,950,,,reporting / export|bugs / reliability,,third-party (review panel)
github_issues,322,1938,,,reporting / export|documentation,AI features,third-party (review panel)
github_issues,323,1619,,,documentation|bugs / reliability,,third-party (review panel)
github_issues,324,1920,,,reporting / export|feature gaps|documentation|bugs / reliability,,third-party (review panel)
github_issues,325,1778,,,,orchestration,third-party (review panel)
github_issues,326,1341,,,bugs / reliability,,third-party (review panel)
github_issues,327,1503,,,bugs / reliability,,third-party (review panel)
github_issues,328,1028,,,bugs / reliability,analytics,third-party (review panel)
github_issues,329,1361,,,bugs / reliability,,third-party (review panel)
github_issues,330,760,,,,,third-party (review panel)
github_issues,331,1831,,,reporting / export|templates / editor|bugs / reliability,,third-party (review panel)
github_issues,332,1230,,,documentation|bugs / reliability,,third-party (review panel)
github_issues,333,1919,,,speed / performance|bugs / reliability,,third-party (review panel)
github_issues,334,2129,,,implementation|documentation|bugs / reliability,reliability,third-party (review panel)
github_issues,335,2119,,,bugs / reliability,,third-party (review panel)
github_issues,336,1634,,,implementation|documentation|bugs / reliability,,third-party (review panel)
github_issues,337,690,,,bugs / reliability,,third-party (review panel)
github_issues,338,1500,,,documentation|bugs / reliability,,third-party (review panel)
github_issues,339,1516,,,bugs / reliability,,third-party (review panel)
github_issues,340,2130,,,bugs / reliability,,third-party (review panel)
github_issues,341,557,,,bugs / reliability,,third-party (review panel)
github_issues,342,1237,,,feature gaps,,third-party (review panel)
github_issues,343,1278,,,implementation|bugs / reliability,,third-party (review panel)
github_issues,344,1258,,,implementation|bugs / reliability,,third-party (review panel)
github_issues,345,1175,,,bugs / reliability,,third-party (review panel)
github_issues,346,1113,,,documentation|bugs / reliability,,third-party (review panel)
github_issues,347,780,,,bugs / reliability,,third-party (review panel)
github_issues,348,1328,,,bugs / reliability,analytics,third-party (review panel)
github_issues,349,400,,,,,third-party (review panel)
github_issues,350,2079,,,bugs / reliability,analytics,third-party (review panel)
github_issues,351,2112,,,bugs / reliability,,third-party (review panel)
github_issues,352,899,,,reporting / export|bugs / reliability,,third-party (review panel)
github_issues,353,1719,,,bugs / reliability,,third-party (review panel)
github_issues,354,944,,,bugs / reliability,,third-party (review panel)
github_issues,355,2054,,,,analytics,third-party (review panel)
github_issues,356,2083,,,reporting / export|feature gaps|bugs / reliability,,third-party (review panel)
github_issues,357,715,,,documentation,,third-party (review panel)
github_issues,358,1838,,,reporting / export,,third-party (review panel)
github_issues,359,994,,,implementation|bugs / reliability,,third-party (review panel)
github_issues,360,968,,,feature gaps|documentation|bugs / reliability,,third-party (review panel)
github_issues,361,230,,,documentation,,third-party (review panel)
github_issues,362,222,,,documentation,,third-party (review panel)
github_issues,363,2090,,,bugs / reliability,,third-party (review panel)
github_issues,364,872,,,,,third-party (review panel)
github_issues,365,1049,,,implementation,,third-party (review panel)
github_issues,366,883,,,documentation|bugs / reliability,,third-party (review panel)
github_issues,367,2096,,,bugs / reliability,,third-party (review panel)
github_issues,368,762,,,documentation,,third-party (review panel)
github_issues,369,2106,,,bugs / reliability,,third-party (review panel)
github_issues,370,2069,,,bugs / reliability,,third-party (review panel)
github_issues,371,623,,,,,third-party (review panel)
github_issues,372,539,,,feature gaps,,third-party (review panel)
github_issues,373,750,,,implementation|documentation,,third-party (review panel)
github_issues,374,1484,,,implementation|feature gaps|bugs / reliability,,third-party (review panel)
github_issues,375,565,,,bugs / reliability,,third-party (review panel)
github_issues,376,831,,,implementation|bugs / reliability,,third-party (review panel)
github_issues,377,2096,,,bugs / reliability,,third-party (review panel)
github_issues,378,954,,,bugs / reliability,,third-party (review panel)
github_issues,379,1506,,,bugs / reliability,,third-party (review panel)
github_issues,380,2123,,,bugs / reliability,,third-party (review panel)
github_issues,381,1257,,,feature gaps|bugs / reliability,,third-party (review panel)
github_issues,382,1048,,,,,third-party (review panel)
github_issues,383,792,,,,,third-party (review panel)
github_issues,384,988,,,implementation|bugs / reliability,,third-party (review panel)
github_issues,385,773,,,speed / performance,,third-party (review panel)
github_issues,386,2030,,,implementation|bugs / reliability,,third-party (review panel)
github_issues,387,1877,,,documentation|bugs / reliability,,third-party (review panel)
github_issues,388,2093,,,bugs / reliability,,third-party (review panel)
github_issues,389,2081,,,implementation|documentation|bugs / reliability,,third-party (review panel)
github_issues,390,901,,,bugs / reliability,,third-party (review panel)
github_issues,391,2089,,,documentation|bugs / reliability,,third-party (review panel)
github_issues,392,2120,,,implementation|reporting / export|bugs / reliability,analytics,third-party (review panel)
github_issues,393,1623,,,bugs / reliability,,third-party (review panel)
github_issues,394,2134,,,bugs / reliability,,third-party (review panel)
github_issues,395,2058,,,documentation|bugs / reliability,,third-party (review panel)
github_issues,396,1080,,,,,third-party (review panel)
github_issues,397,915,,,,,third-party (review panel)
github_issues,398,255,,,,,third-party (review panel)
github_issues,399,1382,,,reporting / export|bugs / reliability,,third-party (review panel)
github_issues,400,1110,,,reporting / export|bugs / reliability,,third-party (review panel)
github_issues,401,835,,,bugs / reliability,,third-party (review panel)
github_issues,402,2127,,,reporting / export|speed / performance|feature gaps|bugs / reliability,,third-party (review panel)
github_issues,403,760,,,implementation|feature gaps,,third-party (review panel)
github_issues,404,1082,,,documentation,,third-party (review panel)
github_issues,405,2060,,,bugs / reliability,,third-party (review panel)
github_issues,406,1206,,,bugs / reliability,,third-party (review panel)
github_issues,407,2012,,,bugs / reliability,,third-party (review panel)
github_issues,408,1009,,,speed / performance|bugs / reliability,,third-party (review panel)
github_issues,409,2103,,,implementation|bugs / reliability,,third-party (review panel)
github_issues,410,2061,,,bugs / reliability,,third-party (review panel)
github_issues,411,1237,,,feature gaps|documentation,,third-party (review panel)
github_issues,412,1031,,,bugs / reliability,,third-party (review panel)
github_issues,413,1239,,,reporting / export|bugs / reliability,,third-party (review panel)
github_issues,414,2097,,,implementation|bugs / reliability,,third-party (review panel)
github_issues,415,1932,,,implementation|bugs / reliability,,third-party (review panel)
github_issues,416,1177,,,implementation|bugs / reliability,,third-party (review panel)
github_issues,417,235,,,implementation|feature gaps,,third-party (review panel)
github_issues,418,2095,,,implementation|documentation,,third-party (review panel)
github_issues,419,1136,,,reporting / export|documentation,,third-party (review panel)
github_issues,420,1416,,,implementation|documentation|bugs / reliability,,third-party (review panel)
github_issues,421,1432,,,implementation|bugs / reliability,,third-party (review panel)
github_issues,422,1778,,,bugs / reliability,,third-party (review panel)
github_issues,423,1096,,,implementation|documentation,analytics,third-party (review panel)
github_issues,424,2089,,,implementation|feature gaps|documentation|bugs / reliability,analytics,third-party (review panel)
github_issues,425,895,,,implementation|documentation,,third-party (review panel)
github_issues,426,1514,,,bugs / reliability,,third-party (review panel)
github_issues,427,1204,,,bugs / reliability,,third-party (review panel)
github_issues,428,558,,,bugs / reliability,,third-party (review panel)
github_issues,429,721,,,,,third-party (review panel)
github_issues,430,2081,,,implementation|documentation,,third-party (review panel)
github_issues,431,1169,,,bugs / reliability,,third-party (review panel)
github_issues,432,1118,,,implementation|bugs / reliability,,third-party (review panel)
github_issues,433,1140,,,reporting / export|bugs / reliability,,third-party (review panel)
github_issues,434,860,,,,,third-party (review panel)
github_issues,435,2090,,,implementation|bugs / reliability,,third-party (review panel)
github_issues,436,712,,,bugs / reliability,,third-party (review panel)
github_issues,437,893,,,implementation|documentation,,third-party (review panel)
github_issues,438,811,,,,,third-party (review panel)
github_issues,439,1396,,,implementation,reliability,third-party (review panel)
github_issues,440,1722,,,implementation|documentation|bugs / reliability,,third-party (review panel)
github_issues,441,1554,,,documentation|bugs / reliability,,third-party (review panel)
github_issues,442,1715,,,,,third-party (review panel)
github_issues,443,966,,,bugs / reliability,orchestration,third-party (review panel)
github_issues,444,748,,,bugs / reliability,,third-party (review panel)
github_issues,445,1032,,,bugs / reliability,,third-party (review panel)
github_issues,446,705,,,implementation|bugs / reliability,,third-party (review panel)
github_issues,447,2091,,,reporting / export,,third-party (review panel)
github_issues,448,2128,,,reporting / export|documentation|bugs / reliability,,third-party (review panel)
github_issues,449,217,,,feature gaps,,third-party (review panel)
github_issues,450,1934,,,implementation|bugs / reliability,,third-party (review panel)
github_issues,451,2070,,,,,third-party (review panel)
github_issues,452,1902,,,feature gaps|bugs / reliability,,third-party (review panel)
github_issues,453,1196,,,implementation|bugs / reliability,,third-party (review panel)
github_issues,454,2104,,,implementation|bugs / reliability,,third-party (review panel)
github_issues,455,614,,,bugs / reliability,,third-party (review panel)
github_issues,456,259,,,,,third-party (review panel)
github_issues,457,1850,,,implementation|feature gaps|bugs / reliability,,third-party (review panel)
github_issues,458,919,,,bugs / reliability,,third-party (review panel)
github_issues,459,635,,,bugs / reliability,,third-party (review panel)
github_issues,460,1099,,,bugs / reliability,,third-party (review panel)
github_issues,461,1061,,,bugs / reliability,,third-party (review panel)
github_issues,462,586,,,implementation,,third-party (review panel)
github_issues,463,929,,,bugs / reliability,,third-party (review panel)
github_issues,464,693,,,documentation,,third-party (review panel)
github_issues,465,873,,,,,third-party (review panel)
github_issues,466,1290,,,,,third-party (review panel)
github_issues,467,2093,,,documentation|bugs / reliability,,third-party (review panel)
github_issues,468,2088,,,reporting / export|bugs / reliability,,third-party (review panel)
github_issues,469,1085,,,implementation|reporting / export|bugs / reliability,,third-party (review panel)
github_issues,470,792,,,bugs / reliability,,third-party (review panel)
github_issues,471,1138,,,bugs / reliability,,third-party (review panel)
github_issues,472,2142,,,implementation|documentation,orchestration,third-party (review panel)
github_issues,473,865,,,reporting / export|bugs / reliability,,third-party (review panel)
github_issues,474,1435,,,implementation|bugs / reliability,,third-party (review panel)
github_issues,475,1375,,,bugs / reliability,,third-party (review panel)
github_issues,476,581,,,bugs / reliability,,third-party (review panel)
github_issues,477,511,,,,,third-party (review panel)
github_issues,478,346,,,,,third-party (review panel)
github_issues,479,819,,,implementation|documentation|bugs / reliability,,third-party (review panel)
github_issues,480,1075,,,reporting / export|bugs / reliability,,third-party (review panel)
github_issues,481,1113,,,bugs / reliability,,third-party (review panel)
github_issues,482,929,,,bugs / reliability,,third-party (review panel)
github_issues,483,531,,,bugs / reliability,,third-party (review panel)
github_issues,484,2086,,,bugs / reliability,,third-party (review panel)
github_issues,485,1263,,,,orchestration,third-party (review panel)
github_issues,486,2070,,,documentation|bugs / reliability,analytics,third-party (review panel)
github_issues,487,1479,,,bugs / reliability,,third-party (review panel)
github_issues,488,1012,,,reporting / export|bugs / reliability,,third-party (review panel)
github_issues,489,1287,,,reporting / export|bugs / reliability,,third-party (review panel)
github_issues,490,2089,,,bugs / reliability,,third-party (review panel)
github_issues,491,1170,,,documentation|bugs / reliability,AI features,third-party (review panel)
github_issues,492,1335,,,bugs / reliability,,third-party (review panel)
github_issues,493,693,,,implementation,,third-party (review panel)
github_issues,494,295,,,,,third-party (review panel)
github_issues,495,792,,,bugs / reliability,,third-party (review panel)
github_issues,496,219,,,implementation,,third-party (review panel)
github_issues,497,2064,,,implementation|bugs / reliability,,third-party (review panel)
github_issues,498,2078,,,bugs / reliability,,third-party (review panel)
github_issues,499,1446,,,bugs / reliability,,third-party (review panel)
github_issues,500,2071,,,bugs / reliability,,third-party (review panel)
github_issues,501,1288,,,bugs / reliability,,third-party (review panel)
github_issues,502,643,,,bugs / reliability,,third-party (review panel)
github_issues,503,878,,,implementation|support,,third-party (review panel)
github_issues,504,1401,,,bugs / reliability,,third-party (review panel)
github_issues,505,739,,,documentation,,third-party (review panel)
github_issues,506,396,,,,,third-party (review panel)
github_issues,507,153,,,,,third-party (review panel)
github_issues,508,862,,,,,third-party (review panel)
github_issues,509,979,,,,,third-party (review panel)
github_issues,510,554,,,bugs / reliability,,third-party (review panel)
github_issues,511,1880,,,feature gaps|documentation,,third-party (review panel)
github_issues,512,2075,,,bugs / reliability,,third-party (review panel)
github_issues,513,2089,,,reporting / export|bugs / reliability,,third-party (review panel)
github_issues,514,2023,,,bugs / reliability,analytics,third-party (review panel)
github_issues,515,707,,,,,third-party (review panel)
github_issues,516,737,,,implementation|feature gaps|documentation,,third-party (review panel)
github_issues,517,682,,,,,third-party (review panel)
github_issues,518,2121,,,implementation|bugs / reliability,,third-party (review panel)
github_issues,519,488,,,documentation,,third-party (review panel)
github_issues,520,1933,,,implementation|bugs / reliability,,third-party (review panel)
github_issues,521,1203,,,implementation,,third-party (review panel)
github_issues,522,953,,,bugs / reliability,,third-party (review panel)
github_issues,523,2089,,,implementation|bugs / reliability,,third-party (review panel)
github_issues,524,1053,,,bugs / reliability,,third-party (review panel)
github_issues,525,2130,,,bugs / reliability,,third-party (review panel)
github_issues,526,475,,,,,third-party (review panel)
github_issues,527,2103,,,implementation|reporting / export,,third-party (review panel)
github_issues,528,994,,,documentation|bugs / reliability,,third-party (review panel)
github_issues,529,2074,,,bugs / reliability,,third-party (review panel)
github_issues,530,2015,,,reporting / export|bugs / reliability,,third-party (review panel)
github_issues,531,1227,,,reporting / export|documentation|bugs / reliability,analytics,third-party (review panel)
github_issues,532,682,,,feature gaps,analytics,third-party (review panel)
github_issues,533,1593,,,reporting / export,,third-party (review panel)
github_issues,534,1226,,,bugs / reliability,,third-party (review panel)
github_issues,535,1030,,,bugs / reliability,,third-party (review panel)
github_issues,536,840,,,implementation|bugs / reliability,,third-party (review panel)
github_issues,537,845,,,,,third-party (review panel)
github_issues,538,2090,,,,,third-party (review panel)
github_issues,539,769,,,documentation,,third-party (review panel)
github_issues,540,210,,,,,third-party (review panel)
github_issues,541,729,,,feature gaps|documentation,,third-party (review panel)
github_issues,542,954,,,implementation|bugs / reliability,,third-party (review panel)
github_issues,543,419,,,,,third-party (review panel)
github_issues,544,524,,,documentation,,third-party (review panel)
github_issues,545,866,,,reporting / export,,third-party (review panel)
github_issues,546,904,,,reporting / export|documentation|bugs / reliability,,third-party (review panel)
github_issues,547,763,,,bugs / reliability,,third-party (review panel)
github_issues,548,670,,,bugs / reliability,,third-party (review panel)
github_issues,549,1023,,,bugs / reliability,,third-party (review panel)
github_issues,550,333,,,,,third-party (review panel)
github_issues,551,1696,,,implementation|bugs / reliability,,third-party (review panel)
github_issues,552,2083,,,bugs / reliability,,third-party (review panel)
github_issues,553,2098,,,documentation|bugs / reliability,analytics,third-party (review panel)
github_issues,554,2036,,,bugs / reliability,,third-party (review panel)
github_issues,555,459,,,,,third-party (review panel)
github_issues,556,518,,,feature gaps,,third-party (review panel)
github_issues,557,272,,,bugs / reliability,,third-party (review panel)
github_issues,558,2139,,,bugs / reliability,,third-party (review panel)
github_issues,559,758,,,bugs / reliability,,third-party (review panel)
github_issues,560,301,,,,,third-party (review panel)
github_issues,561,2072,,,implementation|feature gaps,,third-party (review panel)
github_issues,562,682,,,reporting / export,,third-party (review panel)
github_issues,563,603,,,,,third-party (review panel)
github_issues,564,71,,,,,third-party (review panel)
github_issues,565,869,,,bugs / reliability,,third-party (review panel)
github_issues,566,651,,,feature gaps,,third-party (review panel)
github_issues,567,679,,,,,third-party (review panel)
github_issues,568,2112,,,reporting / export|speed / performance|bugs / reliability,,third-party (review panel)
github_issues,569,165,,,,,third-party (review panel)
github_issues,570,752,,,bugs / reliability,reliability,third-party (review panel)
github_issues,571,2003,,,reporting / export|bugs / reliability,,third-party (review panel)
github_issues,572,1100,,,implementation,,third-party (review panel)
github_issues,573,2092,,,,,third-party (review panel)
github_issues,574,719,,,,,third-party (review panel)
github_issues,575,1049,,,implementation|feature gaps,analytics,third-party (review panel)
github_issues,576,2076,,,documentation|bugs / reliability,,third-party (review panel)
github_issues,577,939,,,bugs / reliability,,third-party (review panel)
github_issues,578,690,,,,,third-party (review panel)
github_issues,579,1374,,,bugs / reliability,,third-party (review panel)
github_issues,580,1733,,,bugs / reliability,orchestration,third-party (review panel)
github_issues,581,1023,,,implementation,,third-party (review panel)
github_issues,582,693,,,documentation,,third-party (review panel)
github_issues,583,1343,,,implementation|documentation,,third-party (review panel)
github_issues,584,1264,,,reporting / export|documentation,reliability,third-party (review panel)
github_issues,585,934,,,documentation,,third-party (review panel)
github_issues,586,366,,,,,third-party (review panel)
github_issues,587,318,,,,,third-party (review panel)
github_issues,588,115,,,,,third-party (review panel)
github_issues,589,214,,,,,third-party (review panel)
github_issues,590,2069,,,bugs / reliability,,third-party (review panel)
github_issues,591,587,,,,,third-party (review panel)
github_issues,592,168,,,,,third-party (review panel)
github_issues,593,1932,,,reporting / export,,third-party (review panel)
github_issues,594,254,,,,,third-party (review panel)
github_issues,595,734,,,,,third-party (review panel)
github_issues,596,1623,,,reporting / export|documentation,,third-party (review panel)
github_issues,597,653,,,,,third-party (review panel)
github_issues,598,1608,,,bugs / reliability,,third-party (review panel)
github_issues,599,2064,,,documentation,analytics,third-party (review panel)
github_issues,600,825,,,bugs / reliability,,third-party (review panel)
github_issues,601,522,,,reporting / export|documentation,,third-party (review panel)
github_issues,602,356,,,,,third-party (review panel)
github_issues,603,839,,,implementation|feature gaps|bugs / reliability,,third-party (review panel)
github_issues,604,2051,,,reporting / export|bugs / reliability,,third-party (review panel)
github_issues,605,719,,,feature gaps|documentation|bugs / reliability,,third-party (review panel)
github_issues,606,2098,,,speed / performance|bugs / reliability,,third-party (review panel)
github_issues,607,1365,,,,,third-party (review panel)
github_issues,608,1097,,,implementation,,third-party (review panel)
github_issues,609,120,,,,,third-party (review panel)
github_issues,610,843,,,implementation,,third-party (review panel)
github_issues,611,663,,,,,third-party (review panel)
github_issues,612,220,,,,,third-party (review panel)
github_issues,613,986,,,implementation|reporting / export|feature gaps|documentation,,third-party (review panel)
github_issues,614,2104,,,,analytics,third-party (review panel)
github_issues,615,1349,,,reporting / export|bugs / reliability,,third-party (review panel)
github_issues,616,483,,,,,third-party (review panel)
github_issues,617,2112,,,reporting / export|bugs / reliability,,third-party (review panel)
github_issues,618,678,,,documentation,,third-party (review panel)
github_issues,619,1835,,,,,third-party (review panel)
github_issues,620,318,,,,,third-party (review panel)
github_issues,621,1372,,,,,third-party (review panel)
github_issues,622,324,,,,,third-party (review panel)
github_issues,623,2051,,,reporting / export|bugs / reliability,,third-party (review panel)
github_issues,624,2117,,,implementation|speed / performance,,third-party (review panel)
github_issues,625,684,,,implementation,,third-party (review panel)
github_issues,626,667,,,,,third-party (review panel)
github_issues,627,89,,,,,third-party (review panel)
github_issues,628,1924,,,bugs / reliability,,third-party (review panel)
github_issues,629,1476,,,documentation,,third-party (review panel)
github_issues,630,2089,,,,,third-party (review panel)
github_issues,631,2100,,,reporting / export,,third-party (review panel)
github_issues,632,1317,,,,AI features,third-party (review panel)
github_issues,633,2063,,,implementation|bugs / reliability,,third-party (review panel)
github_issues,634,200,,,,,third-party (review panel)
github_issues,635,281,,,feature gaps,,third-party (review panel)
github_issues,636,2069,,,reporting / export|documentation|bugs / reliability,,third-party (review panel)
github_issues,637,510,,,implementation,,third-party (review panel)
github_issues,638,2021,,,implementation|reporting / export,,third-party (review panel)
github_issues,639,1793,,,reporting / export|bugs / reliability,,third-party (review panel)
github_issues,640,76,,,bugs / reliability,,third-party (review panel)
github_issues,641,243,,,,,third-party (review panel)
github_issues,642,139,,,documentation,,third-party (review panel)
github_issues,643,283,,,,,third-party (review panel)
github_issues,644,1050,,,support|bugs / reliability,,third-party (review panel)
github_issues,645,1542,,,reporting / export|bugs / reliability,,third-party (review panel)
github_issues,646,1134,,,reporting / export|bugs / reliability,,third-party (review panel)
github_issues,647,430,,,,,third-party (review panel)
github_issues,648,369,,,,,third-party (review panel)
github_issues,649,2106,,,reporting / export|documentation,,third-party (review panel)
github_issues,650,349,,,,,third-party (review panel)
github_issues,651,855,,,documentation,,third-party (review panel)
github_issues,652,823,,,,,third-party (review panel)
github_issues,653,608,,,,,third-party (review panel)
github_issues,654,244,,,documentation,,third-party (review panel)
github_issues,655,64,,,,,third-party (review panel)
github_issues,656,1518,,,reporting / export|documentation,,third-party (review panel)
github_issues,657,326,,,implementation,,third-party (review panel)
github_issues,658,313,,,,,third-party (review panel)
github_issues,659,422,,,,,third-party (review panel)
github_issues,660,261,,,bugs / reliability,,third-party (review panel)
github_issues,661,977,,,,,third-party (review panel)
github_issues,662,810,,,bugs / reliability,,third-party (review panel)
github_issues,663,1065,,,,,third-party (review panel)
github_issues,664,543,,,implementation|documentation,,third-party (review panel)
github_issues,665,1634,,,reporting / export|documentation,,third-party (review panel)
github_issues,666,358,,,,,third-party (review panel)
github_issues,667,1071,,,implementation|reporting / export|documentation,,third-party (review panel)
github_issues,668,1815,,,feature gaps,,third-party (review panel)
github_issues,669,295,,,documentation,,third-party (review panel)
github_issues,670,1039,,,feature gaps,,third-party (review panel)
github_issues,671,304,,,,,third-party (review panel)
github_issues,672,623,,,feature gaps|documentation,,third-party (review panel)
github_issues,673,497,,,,,third-party (review panel)
github_issues,674,2113,,,reporting / export|documentation|bugs / reliability,,third-party (review panel)
github_issues,675,1122,,,,,third-party (review panel)
github_issues,676,867,,,,,third-party (review panel)
github_issues,677,753,,,,,third-party (review panel)
github_issues,678,2157,,,reporting / export|documentation,,third-party (review panel)
github_issues,679,844,,,feature gaps,,third-party (review panel)
github_issues,680,694,,,documentation,analytics,third-party (review panel)
github_issues,681,435,,,documentation,,third-party (review panel)
github_issues,682,1172,,,reporting / export|documentation|bugs / reliability,,third-party (review panel)
github_issues,683,2083,,,reporting / export|documentation|bugs / reliability,,third-party (review panel)
github_issues,684,736,,,documentation|support,AI features,third-party (review panel)
github_issues,685,336,,,,,third-party (review panel)
github_issues,686,679,,,reporting / export,,third-party (review panel)
github_issues,687,1613,,,,,third-party (review panel)
github_issues,688,1382,,,implementation,,third-party (review panel)
github_issues,689,2129,,,reporting / export|documentation|bugs / reliability,,third-party (review panel)
github_issues,690,2066,,,implementation|documentation,,third-party (review panel)
github_issues,691,2075,,,implementation|documentation,,third-party (review panel)
github_issues,692,1397,,,reporting / export|documentation,,third-party (review panel)
github_issues,693,1481,,,implementation|reporting / export,,third-party (review panel)
github_issues,694,1832,,,reporting / export|documentation|support,,third-party (review panel)
github_issues,695,287,,,,,third-party (review panel)
github_issues,696,1852,,,,,third-party (review panel)
github_issues,697,254,,,bugs / reliability,,third-party (review panel)
github_issues,698,367,,,,,third-party (review panel)
github_issues,699,1353,,,,,third-party (review panel)
github_issues,700,715,,,reporting / export,,third-party (review panel)
github_issues,701,471,,,,,third-party (review panel)
github_issues,702,1024,,,reporting / export|documentation,,third-party (review panel)
github_issues,703,645,,,,,third-party (review panel)
github_issues,704,217,,,,,third-party (review panel)
github_issues,705,1224,,,,,third-party (review panel)
github_issues,706,305,,,,,third-party (review panel)
github_issues,707,436,,,documentation,,third-party (review panel)
github_issues,708,249,,,feature gaps,,third-party (review panel)
github_issues,709,1286,,,reporting / export|documentation,,third-party (review panel)
github_issues,710,187,,,,,third-party (review panel)
github_issues,711,288,,,,,third-party (review panel)
github_issues,712,673,,,,,third-party (review panel)
github_issues,713,909,,,,,third-party (review panel)
github_issues,714,154,,,,,third-party (review panel)
github_issues,715,951,,,documentation,,third-party (review panel)
github_issues,716,1023,,,,,third-party (review panel)
github_issues,717,352,,,implementation,,third-party (review panel)
github_issues,718,479,,,,,third-party (review panel)
github_issues,719,303,,,,,third-party (review panel)
github_issues,720,1038,,,implementation|feature gaps,,third-party (review panel)
github_issues,721,903,,,,,third-party (review panel)
github_issues,722,221,,,,,third-party (review panel)
github_issues,723,707,,,,,third-party (review panel)
github_issues,724,587,,,,,third-party (review panel)
github_issues,725,418,,,,,third-party (review panel)
github_issues,726,538,,,,,third-party (review panel)
github_issues,727,65,,,,,third-party (review panel)
github_issues,728,872,,,documentation,,third-party (review panel)
github_issues,729,587,,,,,third-party (review panel)
github_issues,730,698,,,,,third-party (review panel)
github_issues,731,1502,,,,,third-party (review panel)
github_issues,732,487,,,implementation,,third-party (review panel)
github_issues,733,661,,,implementation,,third-party (review panel)
github_issues,734,1921,,,implementation,,third-party (review panel)
github_issues,735,742,,,implementation,,third-party (review panel)
github_issues,736,1362,,,documentation,,third-party (review panel)
github_issues,737,244,,,documentation,,third-party (review panel)
github_issues,738,490,,,,,third-party (review panel)
github_issues,739,2062,,,,,third-party (review panel)
github_issues,740,302,,,,,third-party (review panel)
github_issues,741,833,,,,,third-party (review panel)
github_issues,742,678,,,,,third-party (review panel)
github_issues,743,2071,,,,,third-party (review panel)
github_issues,744,2134,,,feature gaps|documentation,analytics,third-party (review panel)
github_issues,745,1166,,,,,third-party (review panel)
github_issues,746,1067,,,documentation,,third-party (review panel)
github_issues,747,1134,,,,,third-party (review panel)
github_issues,748,1049,,,,,third-party (review panel)
github_issues,749,186,,,,,third-party (review panel)
github_issues,750,616,,,,,third-party (review panel)
github_issues,751,846,,,feature gaps|documentation,,third-party (review panel)
github_issues,752,920,,,feature gaps,analytics,third-party (review panel)
github_issues,753,453,,,,,third-party (review panel)
github_issues,754,1027,,,documentation,analytics,third-party (review panel)
github_issues,755,402,,,,,third-party (review panel)
github_issues,756,385,,,documentation,,third-party (review panel)
github_issues,757,610,,,,,third-party (review panel)
github_issues,758,1121,,,,,third-party (review panel)
github_issues,759,736,,,documentation,,third-party (review panel)
github_issues,760,363,,,,,third-party (review panel)
github_issues,761,495,,,,,third-party (review panel)
github_issues,762,1099,,,documentation,,third-party (review panel)
github_issues,763,1341,,,documentation,,third-party (review panel)
github_issues,764,637,,,,AI features,third-party (review panel)
github_issues,765,848,,,,,third-party (review panel)
github_issues,766,1037,,,implementation|feature gaps,,third-party (review panel)
github_issues,767,962,,,,,third-party (review panel)
github_issues,768,656,,,,,third-party (review panel)
github_issues,769,1475,,,reporting / export|documentation,,third-party (review panel)
github_issues,770,865,,,reporting / export|documentation,,third-party (review panel)
github_issues,771,2071,,,,,third-party (review panel)
github_issues,772,320,,,price / cost,,third-party (review panel)
github_issues,773,808,,,reporting / export,,third-party (review panel)
github_issues,774,952,,,feature gaps,,third-party (review panel)
github_issues,775,632,,,,,third-party (review panel)
github_issues,776,1091,,,,,third-party (review panel)
github_issues,777,335,,,templates / editor,,third-party (review panel)
github_issues,778,377,,,,,third-party (review panel)
github_issues,779,659,,,,,third-party (review panel)
github_issues,780,520,,,speed / performance,,third-party (review panel)
github_issues,781,362,,,,,third-party (review panel)
github_issues,782,695,,,,,third-party (review panel)
github_issues,783,924,,,feature gaps,,third-party (review panel)
github_issues,784,698,,,,,third-party (review panel)
github_issues,785,1555,,,implementation|documentation,,third-party (review panel)
github_issues,786,863,,,,,third-party (review panel)
github_issues,787,577,,,,,third-party (review panel)
github_issues,788,259,,,feature gaps,,third-party (review panel)
github_issues,789,214,,,,,third-party (review panel)
github_issues,790,959,,,documentation|bugs / reliability,,third-party (review panel)
github_issues,791,1972,,,,,third-party (review panel)
github_issues,792,149,,,,,third-party (review panel)
github_issues,793,1044,,,documentation,,third-party (review panel)
github_issues,794,1675,,,reporting / export,,third-party (review panel)
github_issues,795,273,,,,,third-party (review panel)
github_issues,796,542,,,,,third-party (review panel)
github_issues,797,567,,,,,third-party (review panel)
github_issues,798,155,,,,,third-party (review panel)
github_issues,799,313,,,,,third-party (review panel)
github_issues,800,231,,,bugs / reliability,,third-party (review panel)
github_issues,801,257,,,,,third-party (review panel)
github_issues,802,2086,,,,,third-party (review panel)
github_issues,803,217,,,,,third-party (review panel)
github_issues,804,842,,,,,third-party (review panel)
github_issues,805,468,,,implementation,,third-party (review panel)
github_issues,806,1245,,,,orchestration,third-party (review panel)
github_issues,807,201,,,documentation,AI features,third-party (review panel)
github_issues,808,110,,,bugs / reliability,,third-party (review panel)
github_issues,809,224,,,,,third-party (review panel)
github_issues,810,453,,,,,third-party (review panel)
github_issues,811,285,,,,,third-party (review panel)
github_issues,812,1814,,,,,third-party (review panel)
github_issues,813,840,,,implementation|reporting / export|documentation,,third-party (review panel)
github_issues,814,1905,,,implementation|documentation,,third-party (review panel)
github_issues,815,895,,,,,third-party (review panel)
github_issues,816,312,,,,,third-party (review panel)
github_issues,817,280,,,,,third-party (review panel)
github_issues,818,1009,,,documentation,,third-party (review panel)
github_issues,819,414,,,,,third-party (review panel)
github_issues,820,311,,,,,third-party (review panel)
github_issues,821,978,,,,,third-party (review panel)
github_issues,822,2075,,,,,third-party (review panel)
github_issues,823,238,,,documentation,,third-party (review panel)
github_issues,824,617,,,,,third-party (review panel)
github_issues,825,309,,,,,third-party (review panel)
github_issues,826,566,,,,,third-party (review panel)
github_issues,827,94,,,,,third-party (review panel)
github_issues,828,309,,,,,third-party (review panel)
github_issues,829,382,,,documentation,,third-party (review panel)
github_issues,830,1120,,,reporting / export,,third-party (review panel)
github_issues,831,336,,,,,third-party (review panel)
github_issues,832,558,,,implementation|reporting / export,,third-party (review panel)
github_issues,833,828,,,,,third-party (review panel)
github_issues,834,450,,,,,third-party (review panel)
github_issues,835,795,,,,,third-party (review panel)
github_issues,836,889,,,documentation,,third-party (review panel)
github_issues,837,265,,,,,third-party (review panel)
github_issues,838,127,,,,,third-party (review panel)
github_issues,839,142,,,,,third-party (review panel)
github_issues,840,253,,,,,third-party (review panel)
github_issues,841,196,,,documentation,,third-party (review panel)
glassdoor,1,4297,4.1,,reporting / export|feature gaps,AI features,third-party (review panel)
glassdoor,2,385,4.0,,,AI features,third-party (review panel)
glassdoor,3,311,5.0,,speed / performance,AI features,third-party (review panel)
glassdoor,4,713,5.0,,,AI features,third-party (review panel)
glassdoor,5,1048,4.0,,,AI features,third-party (review panel)
glassdoor,6,384,4.0,,implementation,AI features,third-party (review panel)
jobs,1,4016,,smb,,support|reliability|AI features,third-party (review panel)
trustradius,1,1650,,,reporting / export|feature gaps|price / cost|bugs / reliability,ease of use|orchestration|channels / reach|personalisation|analytics|AI features,third-party (review panel)
trustradius,2,165,,,,,third-party (review panel)
trustradius,3,1781,4,enterprise,templates / editor|documentation|price / cost,orchestration|AI features,third-party (review panel)
trustradius,4,2494,5,,reporting / export,orchestration|reliability|AI features,third-party (review panel)
trustradius,5,631,4,,,AI features,third-party (review panel)
