repo,platform,tag,published,prerelease,body_bytes,url,evidence
braze-cordova-sdk,Kotlin,17.0.0,2026-09-01,False,2199,https://github.com/braze-inc/braze-cordova-sdk/releases/tag/17.0.0,"company-own (technical, public VCS)"
braze-xamarin-sdk,Objective-C,10.0.0,2026-08-25,False,1192,https://github.com/braze-inc/braze-xamarin-sdk/releases/tag/10.0.0,"company-own (technical, public VCS)"
braze-segment-swift,Swift,10.0.0,2026-08-24,False,403,https://github.com/braze-inc/braze-segment-swift/releases/tag/10.0.0,"company-own (technical, public VCS)"
braze-react-native-sdk,Kotlin,23.0.0,2026-08-21,False,1140,https://github.com/braze-inc/braze-react-native-sdk/releases/tag/23.0.0,"company-own (technical, public VCS)"
braze-swift-sdk,Swift,18.2.0,2026-08-20,False,1426,https://github.com/braze-inc/braze-swift-sdk/releases/tag/18.2.0,"company-own (technical, public VCS)"
braze-android-sdk,Kotlin,v43.1.1,2026-08-20,False,231,https://github.com/braze-inc/braze-android-sdk/releases/tag/v43.1.1,"company-own (technical, public VCS)"
braze-swift-sdk-prebuilt-dynamic,Ruby,18.2.0,2026-08-20,False,1426,https://github.com/braze-inc/braze-swift-sdk-prebuilt-dynamic/releases/tag/18.2.0,"company-own (technical, public VCS)"
braze-swift-sdk-prebuilt-static,Ruby,18.2.0,2026-08-20,False,1426,https://github.com/braze-inc/braze-swift-sdk-prebuilt-static/releases/tag/18.2.0,"company-own (technical, public VCS)"
braze-swift-sdk-prebuilt-mergeable,Ruby,18.2.0,2026-08-20,False,1426,https://github.com/braze-inc/braze-swift-sdk-prebuilt-mergeable/releases/tag/18.2.0,"company-own (technical, public VCS)"
braze-android-sdk,Kotlin,v43.1.0,2026-08-19,False,1864,https://github.com/braze-inc/braze-android-sdk/releases/tag/v43.1.0,"company-own (technical, public VCS)"
braze-swift-sdk,Swift,18.1.0,2026-08-11,False,1635,https://github.com/braze-inc/braze-swift-sdk/releases/tag/18.1.0,"company-own (technical, public VCS)"
braze-swift-sdk-prebuilt-dynamic,Ruby,18.1.0,2026-08-11,False,1635,https://github.com/braze-inc/braze-swift-sdk-prebuilt-dynamic/releases/tag/18.1.0,"company-own (technical, public VCS)"
braze-swift-sdk-prebuilt-static,Ruby,18.1.0,2026-08-11,False,1635,https://github.com/braze-inc/braze-swift-sdk-prebuilt-static/releases/tag/18.1.0,"company-own (technical, public VCS)"
braze-swift-sdk-prebuilt-mergeable,Ruby,18.1.0,2026-08-11,False,1635,https://github.com/braze-inc/braze-swift-sdk-prebuilt-mergeable/releases/tag/18.1.0,"company-own (technical, public VCS)"
braze-swift-sdk,Swift,18.0.0,2026-07-29,False,2436,https://github.com/braze-inc/braze-swift-sdk/releases/tag/18.0.0,"company-own (technical, public VCS)"
braze-swift-sdk-prebuilt-dynamic,Ruby,18.0.0,2026-07-29,False,2436,https://github.com/braze-inc/braze-swift-sdk-prebuilt-dynamic/releases/tag/18.0.0,"company-own (technical, public VCS)"
braze-swift-sdk-prebuilt-static,Ruby,18.0.0,2026-07-29,False,2436,https://github.com/braze-inc/braze-swift-sdk-prebuilt-static/releases/tag/18.0.0,"company-own (technical, public VCS)"
braze-swift-sdk-prebuilt-mergeable,Ruby,18.0.0,2026-07-29,False,2436,https://github.com/braze-inc/braze-swift-sdk-prebuilt-mergeable/releases/tag/18.0.0,"company-own (technical, public VCS)"
braze-android-sdk,Kotlin,v43.0.0,2026-07-15,False,4616,https://github.com/braze-inc/braze-android-sdk/releases/tag/v43.0.0,"company-own (technical, public VCS)"
braze-swift-sdk,Swift,17.0.0,2026-07-06,False,2386,https://github.com/braze-inc/braze-swift-sdk/releases/tag/17.0.0,"company-own (technical, public VCS)"
braze-swift-sdk-prebuilt-dynamic,Ruby,17.0.0,2026-07-06,False,2386,https://github.com/braze-inc/braze-swift-sdk-prebuilt-dynamic/releases/tag/17.0.0,"company-own (technical, public VCS)"
braze-swift-sdk-prebuilt-static,Ruby,17.0.0,2026-07-06,False,2386,https://github.com/braze-inc/braze-swift-sdk-prebuilt-static/releases/tag/17.0.0,"company-own (technical, public VCS)"
braze-swift-sdk-prebuilt-mergeable,Ruby,17.0.0,2026-07-06,False,2386,https://github.com/braze-inc/braze-swift-sdk-prebuilt-mergeable/releases/tag/17.0.0,"company-own (technical, public VCS)"
braze-react-native-sdk,Kotlin,22.0.0,2026-06-29,False,1473,https://github.com/braze-inc/braze-react-native-sdk/releases/tag/22.0.0,"company-own (technical, public VCS)"
braze-segment-swift,Swift,9.0.0,2026-06-25,False,453,https://github.com/braze-inc/braze-segment-swift/releases/tag/9.0.0,"company-own (technical, public VCS)"
braze-swift-sdk,Swift,16.0.0,2026-06-25,False,790,https://github.com/braze-inc/braze-swift-sdk/releases/tag/16.0.0,"company-own (technical, public VCS)"
braze-swift-sdk-prebuilt-dynamic,Ruby,16.0.0,2026-06-25,False,790,https://github.com/braze-inc/braze-swift-sdk-prebuilt-dynamic/releases/tag/16.0.0,"company-own (technical, public VCS)"
braze-swift-sdk-prebuilt-static,Ruby,16.0.0,2026-06-25,False,790,https://github.com/braze-inc/braze-swift-sdk-prebuilt-static/releases/tag/16.0.0,"company-own (technical, public VCS)"
braze-swift-sdk-prebuilt-mergeable,Ruby,16.0.0,2026-06-25,False,790,https://github.com/braze-inc/braze-swift-sdk-prebuilt-mergeable/releases/tag/16.0.0,"company-own (technical, public VCS)"
braze-react-native-sdk,Kotlin,21.1.0,2026-06-22,False,529,https://github.com/braze-inc/braze-react-native-sdk/releases/tag/21.1.0,"company-own (technical, public VCS)"
braze-swift-sdk,Swift,15.2.0,2026-06-22,False,481,https://github.com/braze-inc/braze-swift-sdk/releases/tag/15.2.0,"company-own (technical, public VCS)"
braze-swift-sdk-prebuilt-dynamic,Ruby,15.2.0,2026-06-22,False,481,https://github.com/braze-inc/braze-swift-sdk-prebuilt-dynamic/releases/tag/15.2.0,"company-own (technical, public VCS)"
braze-swift-sdk-prebuilt-static,Ruby,15.2.0,2026-06-22,False,481,https://github.com/braze-inc/braze-swift-sdk-prebuilt-static/releases/tag/15.2.0,"company-own (technical, public VCS)"
braze-swift-sdk-prebuilt-mergeable,Ruby,15.2.0,2026-06-22,False,481,https://github.com/braze-inc/braze-swift-sdk-prebuilt-mergeable/releases/tag/15.2.0,"company-own (technical, public VCS)"
braze-swift-sdk,Swift,15.1.0,2026-06-11,False,1439,https://github.com/braze-inc/braze-swift-sdk/releases/tag/15.1.0,"company-own (technical, public VCS)"
braze-swift-sdk-prebuilt-dynamic,Ruby,15.1.0,2026-06-11,False,1620,https://github.com/braze-inc/braze-swift-sdk-prebuilt-dynamic/releases/tag/15.1.0,"company-own (technical, public VCS)"
braze-swift-sdk-prebuilt-static,Ruby,15.1.0,2026-06-11,False,1620,https://github.com/braze-inc/braze-swift-sdk-prebuilt-static/releases/tag/15.1.0,"company-own (technical, public VCS)"
braze-swift-sdk-prebuilt-mergeable,Ruby,15.1.0,2026-06-11,False,1620,https://github.com/braze-inc/braze-swift-sdk-prebuilt-mergeable/releases/tag/15.1.0,"company-own (technical, public VCS)"
braze-react-native-sdk,Kotlin,21.0.0,2026-06-08,False,1005,https://github.com/braze-inc/braze-react-native-sdk/releases/tag/21.0.0,"company-own (technical, public VCS)"
braze-swift-sdk,Swift,15.0.1,2026-06-03,False,356,https://github.com/braze-inc/braze-swift-sdk/releases/tag/15.0.1,"company-own (technical, public VCS)"
braze-swift-sdk-prebuilt-dynamic,Ruby,15.0.1,2026-06-03,False,356,https://github.com/braze-inc/braze-swift-sdk-prebuilt-dynamic/releases/tag/15.0.1,"company-own (technical, public VCS)"
braze-swift-sdk-prebuilt-static,Ruby,15.0.1,2026-06-03,False,356,https://github.com/braze-inc/braze-swift-sdk-prebuilt-static/releases/tag/15.0.1,"company-own (technical, public VCS)"
braze-swift-sdk-prebuilt-mergeable,Ruby,15.0.1,2026-06-03,False,356,https://github.com/braze-inc/braze-swift-sdk-prebuilt-mergeable/releases/tag/15.0.1,"company-own (technical, public VCS)"
braze-swift-sdk,Swift,15.0.0,2026-06-02,False,2065,https://github.com/braze-inc/braze-swift-sdk/releases/tag/15.0.0,"company-own (technical, public VCS)"
braze-android-sdk,Kotlin,v42.3.1,2026-06-02,False,239,https://github.com/braze-inc/braze-android-sdk/releases/tag/v42.3.1,"company-own (technical, public VCS)"
braze-swift-sdk-prebuilt-dynamic,Ruby,15.0.0,2026-06-02,False,2065,https://github.com/braze-inc/braze-swift-sdk-prebuilt-dynamic/releases/tag/15.0.0,"company-own (technical, public VCS)"
braze-swift-sdk-prebuilt-static,Ruby,15.0.0,2026-06-02,False,2065,https://github.com/braze-inc/braze-swift-sdk-prebuilt-static/releases/tag/15.0.0,"company-own (technical, public VCS)"
braze-swift-sdk-prebuilt-mergeable,Ruby,15.0.0,2026-06-02,False,2065,https://github.com/braze-inc/braze-swift-sdk-prebuilt-mergeable/releases/tag/15.0.0,"company-own (technical, public VCS)"
braze-swift-sdk,Swift,14.2.1,2026-05-28,False,355,https://github.com/braze-inc/braze-swift-sdk/releases/tag/14.2.1,"company-own (technical, public VCS)"
braze-android-sdk,Kotlin,v42.3.0,2026-05-28,False,1585,https://github.com/braze-inc/braze-android-sdk/releases/tag/v42.3.0,"company-own (technical, public VCS)"
braze-swift-sdk-prebuilt-dynamic,Ruby,14.2.1,2026-05-28,False,355,https://github.com/braze-inc/braze-swift-sdk-prebuilt-dynamic/releases/tag/14.2.1,"company-own (technical, public VCS)"
braze-swift-sdk-prebuilt-static,Ruby,14.2.1,2026-05-28,False,355,https://github.com/braze-inc/braze-swift-sdk-prebuilt-static/releases/tag/14.2.1,"company-own (technical, public VCS)"
braze-swift-sdk-prebuilt-mergeable,Ruby,14.2.1,2026-05-28,False,355,https://github.com/braze-inc/braze-swift-sdk-prebuilt-mergeable/releases/tag/14.2.1,"company-own (technical, public VCS)"
braze-swift-sdk,Swift,14.2.0,2026-05-26,False,2883,https://github.com/braze-inc/braze-swift-sdk/releases/tag/14.2.0,"company-own (technical, public VCS)"
braze-swift-sdk-prebuilt-dynamic,Ruby,14.2.0,2026-05-26,False,2155,https://github.com/braze-inc/braze-swift-sdk-prebuilt-dynamic/releases/tag/14.2.0,"company-own (technical, public VCS)"
braze-swift-sdk-prebuilt-static,Ruby,14.2.0,2026-05-26,False,2155,https://github.com/braze-inc/braze-swift-sdk-prebuilt-static/releases/tag/14.2.0,"company-own (technical, public VCS)"
braze-swift-sdk-prebuilt-mergeable,Ruby,14.2.0,2026-05-26,False,2155,https://github.com/braze-inc/braze-swift-sdk-prebuilt-mergeable/releases/tag/14.2.0,"company-own (technical, public VCS)"
braze-cordova-sdk,Kotlin,16.0.1,2026-05-13,False,220,https://github.com/braze-inc/braze-cordova-sdk/releases/tag/16.0.1,"company-own (technical, public VCS)"
braze-cordova-sdk,Kotlin,16.0.0,2026-04-30,False,253,https://github.com/braze-inc/braze-cordova-sdk/releases/tag/16.0.0,"company-own (technical, public VCS)"
braze-segment-swift,Swift,8.0.0,2026-04-30,False,749,https://github.com/braze-inc/braze-segment-swift/releases/tag/8.0.0,"company-own (technical, public VCS)"
braze-react-native-sdk,Kotlin,20.1.0,2026-04-30,False,393,https://github.com/braze-inc/braze-react-native-sdk/releases/tag/20.1.0,"company-own (technical, public VCS)"
braze-android-sdk,Kotlin,v42.2.0,2026-04-29,False,723,https://github.com/braze-inc/braze-android-sdk/releases/tag/v42.2.0,"company-own (technical, public VCS)"
braze-android-sdk,Kotlin,v42.1.0,2026-04-17,False,302,https://github.com/braze-inc/braze-android-sdk/releases/tag/v42.1.0,"company-own (technical, public VCS)"
braze-swift-sdk,Swift,14.1.0,2026-04-16,False,1386,https://github.com/braze-inc/braze-swift-sdk/releases/tag/14.1.0,"company-own (technical, public VCS)"
braze-swift-sdk-prebuilt-dynamic,Ruby,14.1.0,2026-04-16,False,1386,https://github.com/braze-inc/braze-swift-sdk-prebuilt-dynamic/releases/tag/14.1.0,"company-own (technical, public VCS)"
braze-swift-sdk-prebuilt-static,Ruby,14.1.0,2026-04-16,False,1386,https://github.com/braze-inc/braze-swift-sdk-prebuilt-static/releases/tag/14.1.0,"company-own (technical, public VCS)"
braze-swift-sdk-prebuilt-mergeable,Ruby,14.1.0,2026-04-16,False,1386,https://github.com/braze-inc/braze-swift-sdk-prebuilt-mergeable/releases/tag/14.1.0,"company-own (technical, public VCS)"
braze-react-native-sdk,Kotlin,20.0.0,2026-04-15,False,473,https://github.com/braze-inc/braze-react-native-sdk/releases/tag/20.0.0,"company-own (technical, public VCS)"
braze-android-sdk,Kotlin,v42.0.0,2026-04-14,False,2018,https://github.com/braze-inc/braze-android-sdk/releases/tag/v42.0.0,"company-own (technical, public VCS)"
braze-react-native-sdk,Kotlin,19.2.0,2026-04-02,False,1348,https://github.com/braze-inc/braze-react-native-sdk/releases/tag/19.2.0,"company-own (technical, public VCS)"
braze-cordova-sdk,Kotlin,15.0.0,2026-03-26,False,707,https://github.com/braze-inc/braze-cordova-sdk/releases/tag/15.0.0,"company-own (technical, public VCS)"
braze-swift-sdk,Swift,14.0.4,2026-03-18,False,173,https://github.com/braze-inc/braze-swift-sdk/releases/tag/14.0.4,"company-own (technical, public VCS)"
braze-swift-sdk-prebuilt-dynamic,Ruby,14.0.4,2026-03-18,False,173,https://github.com/braze-inc/braze-swift-sdk-prebuilt-dynamic/releases/tag/14.0.4,"company-own (technical, public VCS)"
braze-swift-sdk-prebuilt-static,Ruby,14.0.4,2026-03-18,False,173,https://github.com/braze-inc/braze-swift-sdk-prebuilt-static/releases/tag/14.0.4,"company-own (technical, public VCS)"
braze-swift-sdk-prebuilt-mergeable,Ruby,14.0.4,2026-03-18,False,173,https://github.com/braze-inc/braze-swift-sdk-prebuilt-mergeable/releases/tag/14.0.4,"company-own (technical, public VCS)"
braze-swift-sdk,Swift,14.0.3,2026-03-06,False,128,https://github.com/braze-inc/braze-swift-sdk/releases/tag/14.0.3,"company-own (technical, public VCS)"
braze-swift-sdk-prebuilt-dynamic,Ruby,14.0.3,2026-03-06,False,128,https://github.com/braze-inc/braze-swift-sdk-prebuilt-dynamic/releases/tag/14.0.3,"company-own (technical, public VCS)"
braze-swift-sdk-prebuilt-static,Ruby,14.0.3,2026-03-06,False,128,https://github.com/braze-inc/braze-swift-sdk-prebuilt-static/releases/tag/14.0.3,"company-own (technical, public VCS)"
braze-swift-sdk-prebuilt-mergeable,Ruby,14.0.3,2026-03-06,False,128,https://github.com/braze-inc/braze-swift-sdk-prebuilt-mergeable/releases/tag/14.0.3,"company-own (technical, public VCS)"
braze-react-native-sdk,Kotlin,19.1.0,2026-02-27,False,481,https://github.com/braze-inc/braze-react-native-sdk/releases/tag/19.1.0,"company-own (technical, public VCS)"
braze-swift-sdk,Swift,14.0.2,2026-02-27,False,483,https://github.com/braze-inc/braze-swift-sdk/releases/tag/14.0.2,"company-own (technical, public VCS)"
braze-swift-sdk-prebuilt-dynamic,Ruby,14.0.2,2026-02-27,False,483,https://github.com/braze-inc/braze-swift-sdk-prebuilt-dynamic/releases/tag/14.0.2,"company-own (technical, public VCS)"
braze-swift-sdk-prebuilt-static,Ruby,14.0.2,2026-02-27,False,483,https://github.com/braze-inc/braze-swift-sdk-prebuilt-static/releases/tag/14.0.2,"company-own (technical, public VCS)"
braze-swift-sdk-prebuilt-mergeable,Ruby,14.0.2,2026-02-27,False,483,https://github.com/braze-inc/braze-swift-sdk-prebuilt-mergeable/releases/tag/14.0.2,"company-own (technical, public VCS)"
braze-android-sdk,Kotlin,v41.1.1,2026-02-24,False,441,https://github.com/braze-inc/braze-android-sdk/releases/tag/v41.1.1,"company-own (technical, public VCS)"
braze-android-sdk,Kotlin,v41.1.0,2026-02-20,False,162,https://github.com/braze-inc/braze-android-sdk/releases/tag/v41.1.0,"company-own (technical, public VCS)"
braze-xamarin-sdk,Objective-C,9.0.0,2026-02-18,False,1566,https://github.com/braze-inc/braze-xamarin-sdk/releases/tag/9.0.0,"company-own (technical, public VCS)"
braze-react-native-sdk,Kotlin,19.0.0,2026-02-06,False,1576,https://github.com/braze-inc/braze-react-native-sdk/releases/tag/19.0.0,"company-own (technical, public VCS)"
braze-android-sdk,Kotlin,v41.0.0,2026-02-05,False,934,https://github.com/braze-inc/braze-android-sdk/releases/tag/v41.0.0,"company-own (technical, public VCS)"
braze-android-sdk,Kotlin,v40.2.0,2026-01-28,False,420,https://github.com/braze-inc/braze-android-sdk/releases/tag/v40.2.0,"company-own (technical, public VCS)"
braze-swift-sdk,Swift,14.0.1,2026-01-14,False,696,https://github.com/braze-inc/braze-swift-sdk/releases/tag/14.0.1,"company-own (technical, public VCS)"
braze-swift-sdk-prebuilt-dynamic,Ruby,14.0.1,2026-01-14,False,696,https://github.com/braze-inc/braze-swift-sdk-prebuilt-dynamic/releases/tag/14.0.1,"company-own (technical, public VCS)"
braze-swift-sdk-prebuilt-static,Ruby,14.0.1,2026-01-14,False,696,https://github.com/braze-inc/braze-swift-sdk-prebuilt-static/releases/tag/14.0.1,"company-own (technical, public VCS)"
braze-swift-sdk-prebuilt-mergeable,Ruby,14.0.1,2026-01-14,False,696,https://github.com/braze-inc/braze-swift-sdk-prebuilt-mergeable/releases/tag/14.0.1,"company-own (technical, public VCS)"
braze-android-sdk,Kotlin,v40.1.1,2026-01-07,False,330,https://github.com/braze-inc/braze-android-sdk/releases/tag/v40.1.1,"company-own (technical, public VCS)"
braze-swift-sdk,Swift,14.0.0,2025-12-11,False,1345,https://github.com/braze-inc/braze-swift-sdk/releases/tag/14.0.0,"company-own (technical, public VCS)"
braze-android-sdk,Kotlin,v40.1.0,2025-12-11,False,428,https://github.com/braze-inc/braze-android-sdk/releases/tag/v40.1.0,"company-own (technical, public VCS)"
braze-swift-sdk-prebuilt-dynamic,Ruby,14.0.0,2025-12-11,False,1345,https://github.com/braze-inc/braze-swift-sdk-prebuilt-dynamic/releases/tag/14.0.0,"company-own (technical, public VCS)"
braze-swift-sdk-prebuilt-static,Ruby,14.0.0,2025-12-11,False,1345,https://github.com/braze-inc/braze-swift-sdk-prebuilt-static/releases/tag/14.0.0,"company-own (technical, public VCS)"
braze-swift-sdk-prebuilt-mergeable,Ruby,14.0.0,2025-12-11,False,1345,https://github.com/braze-inc/braze-swift-sdk-prebuilt-mergeable/releases/tag/14.0.0,"company-own (technical, public VCS)"
braze-react-native-sdk,Kotlin,18.0.0,2025-11-06,False,2687,https://github.com/braze-inc/braze-react-native-sdk/releases/tag/18.0.0,"company-own (technical, public VCS)"
braze-android-sdk,Kotlin,v40.0.2,2025-11-03,False,111,https://github.com/braze-inc/braze-android-sdk/releases/tag/v40.0.2,"company-own (technical, public VCS)"
braze-xamarin-sdk,Objective-C,8.0.0,2025-10-28,False,259,https://github.com/braze-inc/braze-xamarin-sdk/releases/tag/8.0.0,"company-own (technical, public VCS)"
braze-android-sdk,Kotlin,v40.0.1,2025-10-24,False,127,https://github.com/braze-inc/braze-android-sdk/releases/tag/v40.0.1,"company-own (technical, public VCS)"
braze-swift-sdk,Swift,13.3.0,2025-10-22,False,236,https://github.com/braze-inc/braze-swift-sdk/releases/tag/13.3.0,"company-own (technical, public VCS)"
braze-swift-sdk-prebuilt-dynamic,Ruby,13.3.0,2025-10-22,False,236,https://github.com/braze-inc/braze-swift-sdk-prebuilt-dynamic/releases/tag/13.3.0,"company-own (technical, public VCS)"
braze-swift-sdk-prebuilt-static,Ruby,13.3.0,2025-10-22,False,236,https://github.com/braze-inc/braze-swift-sdk-prebuilt-static/releases/tag/13.3.0,"company-own (technical, public VCS)"
braze-swift-sdk-prebuilt-mergeable,Ruby,13.3.0,2025-10-22,False,236,https://github.com/braze-inc/braze-swift-sdk-prebuilt-mergeable/releases/tag/13.3.0,"company-own (technical, public VCS)"
braze-android-sdk,Kotlin,v40.0.0,2025-10-20,False,1200,https://github.com/braze-inc/braze-android-sdk/releases/tag/v40.0.0,"company-own (technical, public VCS)"
braze-react-native-sdk,Kotlin,17.0.1,2025-10-09,False,356,https://github.com/braze-inc/braze-react-native-sdk/releases/tag/17.0.1,"company-own (technical, public VCS)"
braze-cordova-sdk,Kotlin,14.0.0,2025-10-06,False,802,https://github.com/braze-inc/braze-cordova-sdk/releases/tag/14.0.0,"company-own (technical, public VCS)"
braze-react-native-sdk,Kotlin,17.0.0,2025-09-30,False,2605,https://github.com/braze-inc/braze-react-native-sdk/releases/tag/17.0.0,"company-own (technical, public VCS)"
braze-react-native-sdk,Kotlin,16.1.0,2025-09-12,False,488,https://github.com/braze-inc/braze-react-native-sdk/releases/tag/16.1.0,"company-own (technical, public VCS)"
braze-swift-sdk,Swift,13.2.1,2025-09-11,False,310,https://github.com/braze-inc/braze-swift-sdk/releases/tag/13.2.1,"company-own (technical, public VCS)"
braze-swift-sdk-prebuilt-dynamic,Ruby,13.2.1,2025-09-11,False,311,https://github.com/braze-inc/braze-swift-sdk-prebuilt-dynamic/releases/tag/13.2.1,"company-own (technical, public VCS)"
braze-swift-sdk-prebuilt-static,Ruby,13.2.1,2025-09-11,False,311,https://github.com/braze-inc/braze-swift-sdk-prebuilt-static/releases/tag/13.2.1,"company-own (technical, public VCS)"
braze-swift-sdk-prebuilt-mergeable,Ruby,13.2.1,2025-09-11,False,311,https://github.com/braze-inc/braze-swift-sdk-prebuilt-mergeable/releases/tag/13.2.1,"company-own (technical, public VCS)"
braze-swift-sdk,Swift,13.2.0,2025-09-10,False,168,https://github.com/braze-inc/braze-swift-sdk/releases/tag/13.2.0,"company-own (technical, public VCS)"
braze-swift-sdk-prebuilt-dynamic,Ruby,13.2.0,2025-09-10,False,168,https://github.com/braze-inc/braze-swift-sdk-prebuilt-dynamic/releases/tag/13.2.0,"company-own (technical, public VCS)"
braze-swift-sdk-prebuilt-static,Ruby,13.2.0,2025-09-10,False,168,https://github.com/braze-inc/braze-swift-sdk-prebuilt-static/releases/tag/13.2.0,"company-own (technical, public VCS)"
braze-swift-sdk-prebuilt-mergeable,Ruby,13.2.0,2025-09-10,False,168,https://github.com/braze-inc/braze-swift-sdk-prebuilt-mergeable/releases/tag/13.2.0,"company-own (technical, public VCS)"
braze-segment-swift,Swift,7.0.0,2025-09-02,False,402,https://github.com/braze-inc/braze-segment-swift/releases/tag/7.0.0,"company-own (technical, public VCS)"
braze-android-sdk,Kotlin,v39.0.0,2025-08-29,False,467,https://github.com/braze-inc/braze-android-sdk/releases/tag/v39.0.0,"company-own (technical, public VCS)"
braze-android-sdk,Kotlin,v38.0.0,2025-08-25,False,2253,https://github.com/braze-inc/braze-android-sdk/releases/tag/v38.0.0,"company-own (technical, public VCS)"
braze-swift-sdk,Swift,13.1.0,2025-08-21,False,1516,https://github.com/braze-inc/braze-swift-sdk/releases/tag/13.1.0,"company-own (technical, public VCS)"
braze-swift-sdk-prebuilt-dynamic,Ruby,13.1.0,2025-08-21,False,1532,https://github.com/braze-inc/braze-swift-sdk-prebuilt-dynamic/releases/tag/13.1.0,"company-own (technical, public VCS)"
braze-swift-sdk-prebuilt-static,Ruby,13.1.0,2025-08-21,False,1532,https://github.com/braze-inc/braze-swift-sdk-prebuilt-static/releases/tag/13.1.0,"company-own (technical, public VCS)"
braze-swift-sdk-prebuilt-mergeable,Ruby,13.1.0,2025-08-21,False,1532,https://github.com/braze-inc/braze-swift-sdk-prebuilt-mergeable/releases/tag/13.1.0,"company-own (technical, public VCS)"
braze-react-native-sdk,Kotlin,16.0.0,2025-08-13,False,1272,https://github.com/braze-inc/braze-react-native-sdk/releases/tag/16.0.0,"company-own (technical, public VCS)"
braze-swift-sdk,Swift,13.0.0,2025-08-05,False,1363,https://github.com/braze-inc/braze-swift-sdk/releases/tag/13.0.0,"company-own (technical, public VCS)"
braze-swift-sdk-prebuilt-dynamic,Ruby,13.0.0,2025-08-05,False,1361,https://github.com/braze-inc/braze-swift-sdk-prebuilt-dynamic/releases/tag/13.0.0,"company-own (technical, public VCS)"
braze-swift-sdk-prebuilt-static,Ruby,13.0.0,2025-08-05,False,1361,https://github.com/braze-inc/braze-swift-sdk-prebuilt-static/releases/tag/13.0.0,"company-own (technical, public VCS)"
braze-swift-sdk-prebuilt-mergeable,Ruby,13.0.0,2025-08-05,False,1361,https://github.com/braze-inc/braze-swift-sdk-prebuilt-mergeable/releases/tag/13.0.0,"company-own (technical, public VCS)"
braze-xamarin-sdk,Objective-C,7.0.0,2025-08-01,False,932,https://github.com/braze-inc/braze-xamarin-sdk/releases/tag/7.0.0,"company-own (technical, public VCS)"
braze-swift-sdk,Swift,12.1.0,2025-07-08,False,1688,https://github.com/braze-inc/braze-swift-sdk/releases/tag/12.1.0,"company-own (technical, public VCS)"
braze-swift-sdk-prebuilt-dynamic,Ruby,12.1.0,2025-07-08,False,1688,https://github.com/braze-inc/braze-swift-sdk-prebuilt-dynamic/releases/tag/12.1.0,"company-own (technical, public VCS)"
braze-swift-sdk-prebuilt-static,Ruby,12.1.0,2025-07-08,False,1688,https://github.com/braze-inc/braze-swift-sdk-prebuilt-static/releases/tag/12.1.0,"company-own (technical, public VCS)"
braze-swift-sdk-prebuilt-mergeable,Ruby,12.1.0,2025-07-08,False,1688,https://github.com/braze-inc/braze-swift-sdk-prebuilt-mergeable/releases/tag/12.1.0,"company-own (technical, public VCS)"
braze-cordova-sdk,Kotlin,13.0.0,2025-07-07,False,561,https://github.com/braze-inc/braze-cordova-sdk/releases/tag/13.0.0,"company-own (technical, public VCS)"
braze-swift-sdk,Swift,12.0.3,2025-07-02,False,319,https://github.com/braze-inc/braze-swift-sdk/releases/tag/12.0.3,"company-own (technical, public VCS)"
braze-swift-sdk-prebuilt-dynamic,Ruby,12.0.3,2025-07-02,False,319,https://github.com/braze-inc/braze-swift-sdk-prebuilt-dynamic/releases/tag/12.0.3,"company-own (technical, public VCS)"
braze-swift-sdk-prebuilt-static,Ruby,12.0.3,2025-07-02,False,319,https://github.com/braze-inc/braze-swift-sdk-prebuilt-static/releases/tag/12.0.3,"company-own (technical, public VCS)"
braze-swift-sdk-prebuilt-mergeable,Ruby,12.0.3,2025-07-02,False,319,https://github.com/braze-inc/braze-swift-sdk-prebuilt-mergeable/releases/tag/12.0.3,"company-own (technical, public VCS)"
braze-swift-sdk,Swift,12.0.2,2025-06-26,False,272,https://github.com/braze-inc/braze-swift-sdk/releases/tag/12.0.2,"company-own (technical, public VCS)"
braze-swift-sdk-prebuilt-dynamic,Ruby,12.0.2,2025-06-26,False,272,https://github.com/braze-inc/braze-swift-sdk-prebuilt-dynamic/releases/tag/12.0.2,"company-own (technical, public VCS)"
braze-swift-sdk-prebuilt-static,Ruby,12.0.2,2025-06-26,False,272,https://github.com/braze-inc/braze-swift-sdk-prebuilt-static/releases/tag/12.0.2,"company-own (technical, public VCS)"
braze-swift-sdk-prebuilt-mergeable,Ruby,12.0.2,2025-06-26,False,272,https://github.com/braze-inc/braze-swift-sdk-prebuilt-mergeable/releases/tag/12.0.2,"company-own (technical, public VCS)"
braze-swift-sdk,Swift,12.0.1,2025-06-25,False,1495,https://github.com/braze-inc/braze-swift-sdk/releases/tag/12.0.1,"company-own (technical, public VCS)"
braze-swift-sdk-prebuilt-dynamic,Ruby,12.0.1,2025-06-25,False,1495,https://github.com/braze-inc/braze-swift-sdk-prebuilt-dynamic/releases/tag/12.0.1,"company-own (technical, public VCS)"
braze-swift-sdk-prebuilt-static,Ruby,12.0.1,2025-06-25,False,1495,https://github.com/braze-inc/braze-swift-sdk-prebuilt-static/releases/tag/12.0.1,"company-own (technical, public VCS)"
braze-swift-sdk-prebuilt-mergeable,Ruby,12.0.1,2025-06-25,False,1495,https://github.com/braze-inc/braze-swift-sdk-prebuilt-mergeable/releases/tag/12.0.1,"company-own (technical, public VCS)"
braze-android-sdk,Kotlin,v37.0.0,2025-06-24,False,2152,https://github.com/braze-inc/braze-android-sdk/releases/tag/v37.0.0,"company-own (technical, public VCS)"
braze-react-native-sdk,Kotlin,15.0.1,2025-06-16,False,366,https://github.com/braze-inc/braze-react-native-sdk/releases/tag/15.0.1,"company-own (technical, public VCS)"
braze-cordova-sdk,Kotlin,12.0.0,2025-05-28,False,1263,https://github.com/braze-inc/braze-cordova-sdk/releases/tag/12.0.0,"company-own (technical, public VCS)"
braze-react-native-sdk,Kotlin,15.0.0,2025-05-16,False,1101,https://github.com/braze-inc/braze-react-native-sdk/releases/tag/15.0.0,"company-own (technical, public VCS)"
braze-android-sdk,Kotlin,v36.0.0,2025-05-16,False,3084,https://github.com/braze-inc/braze-android-sdk/releases/tag/v36.0.0,"company-own (technical, public VCS)"
braze-segment-swift,Swift,6.0.0,2025-04-29,False,402,https://github.com/braze-inc/braze-segment-swift/releases/tag/6.0.0,"company-own (technical, public VCS)"
braze-swift-sdk,Swift,12.0.0,2025-04-23,False,2760,https://github.com/braze-inc/braze-swift-sdk/releases/tag/12.0.0,"company-own (technical, public VCS)"
braze-swift-sdk-prebuilt-dynamic,Ruby,12.0.0,2025-04-23,False,2760,https://github.com/braze-inc/braze-swift-sdk-prebuilt-dynamic/releases/tag/12.0.0,"company-own (technical, public VCS)"
braze-swift-sdk-prebuilt-static,Ruby,12.0.0,2025-04-23,False,2760,https://github.com/braze-inc/braze-swift-sdk-prebuilt-static/releases/tag/12.0.0,"company-own (technical, public VCS)"
braze-swift-sdk-prebuilt-mergeable,Ruby,12.0.0,2025-04-23,False,2760,https://github.com/braze-inc/braze-swift-sdk-prebuilt-mergeable/releases/tag/12.0.0,"company-own (technical, public VCS)"
braze-react-native-sdk,Kotlin,14.1.0,2025-04-08,False,1242,https://github.com/braze-inc/braze-react-native-sdk/releases/tag/14.1.0,"company-own (technical, public VCS)"
braze-segment-swift,Swift,5.0.1,2025-04-02,False,417,https://github.com/braze-inc/braze-segment-swift/releases/tag/5.0.1,"company-own (technical, public VCS)"
braze-swift-sdk,Swift,11.9.0,2025-03-19,False,1321,https://github.com/braze-inc/braze-swift-sdk/releases/tag/11.9.0,"company-own (technical, public VCS)"
braze-swift-sdk-prebuilt-dynamic,Ruby,11.9.0,2025-03-19,False,1321,https://github.com/braze-inc/braze-swift-sdk-prebuilt-dynamic/releases/tag/11.9.0,"company-own (technical, public VCS)"
braze-swift-sdk-prebuilt-static,Ruby,11.9.0,2025-03-19,False,1321,https://github.com/braze-inc/braze-swift-sdk-prebuilt-static/releases/tag/11.9.0,"company-own (technical, public VCS)"
braze-swift-sdk-prebuilt-mergeable,Ruby,11.9.0,2025-03-19,False,1321,https://github.com/braze-inc/braze-swift-sdk-prebuilt-mergeable/releases/tag/11.9.0,"company-own (technical, public VCS)"
braze-swift-sdk,Swift,11.8.0,2025-03-07,False,1417,https://github.com/braze-inc/braze-swift-sdk/releases/tag/11.8.0,"company-own (technical, public VCS)"
braze-swift-sdk-prebuilt-dynamic,Ruby,11.8.0,2025-03-07,False,1417,https://github.com/braze-inc/braze-swift-sdk-prebuilt-dynamic/releases/tag/11.8.0,"company-own (technical, public VCS)"
braze-swift-sdk-prebuilt-static,Ruby,11.8.0,2025-03-07,False,1417,https://github.com/braze-inc/braze-swift-sdk-prebuilt-static/releases/tag/11.8.0,"company-own (technical, public VCS)"
braze-swift-sdk-prebuilt-mergeable,Ruby,11.8.0,2025-03-07,False,1417,https://github.com/braze-inc/braze-swift-sdk-prebuilt-mergeable/releases/tag/11.8.0,"company-own (technical, public VCS)"
braze-react-native-sdk,Kotlin,14.0.0,2025-02-27,False,2349,https://github.com/braze-inc/braze-react-native-sdk/releases/tag/14.0.0,"company-own (technical, public VCS)"
braze-swift-sdk,Swift,11.7.0,2025-02-26,False,114,https://github.com/braze-inc/braze-swift-sdk/releases/tag/11.7.0,"company-own (technical, public VCS)"
braze-swift-sdk-prebuilt-dynamic,Ruby,11.7.0,2025-02-26,False,114,https://github.com/braze-inc/braze-swift-sdk-prebuilt-dynamic/releases/tag/11.7.0,"company-own (technical, public VCS)"
braze-swift-sdk-prebuilt-static,Ruby,11.7.0,2025-02-26,False,114,https://github.com/braze-inc/braze-swift-sdk-prebuilt-static/releases/tag/11.7.0,"company-own (technical, public VCS)"
braze-swift-sdk-prebuilt-mergeable,Ruby,11.7.0,2025-02-26,False,114,https://github.com/braze-inc/braze-swift-sdk-prebuilt-mergeable/releases/tag/11.7.0,"company-own (technical, public VCS)"
braze-cordova-sdk,Kotlin,11.0.0,2025-02-25,False,1394,https://github.com/braze-inc/braze-cordova-sdk/releases/tag/11.0.0,"company-own (technical, public VCS)"
braze-swift-sdk,Swift,11.6.1,2025-02-21,False,950,https://github.com/braze-inc/braze-swift-sdk/releases/tag/11.6.1,"company-own (technical, public VCS)"
braze-swift-sdk-prebuilt-dynamic,Ruby,11.6.1,2025-02-21,False,950,https://github.com/braze-inc/braze-swift-sdk-prebuilt-dynamic/releases/tag/11.6.1,"company-own (technical, public VCS)"
braze-swift-sdk-prebuilt-static,Ruby,11.6.1,2025-02-21,False,950,https://github.com/braze-inc/braze-swift-sdk-prebuilt-static/releases/tag/11.6.1,"company-own (technical, public VCS)"
braze-swift-sdk-prebuilt-mergeable,Ruby,11.6.1,2025-02-21,False,950,https://github.com/braze-inc/braze-swift-sdk-prebuilt-mergeable/releases/tag/11.6.1,"company-own (technical, public VCS)"
braze-android-sdk,Kotlin,v35.0.0,2025-02-14,False,1196,https://github.com/braze-inc/braze-android-sdk/releases/tag/v35.0.0,"company-own (technical, public VCS)"
braze-react-native-sdk,Kotlin,13.2.0,2025-02-05,False,757,https://github.com/braze-inc/braze-react-native-sdk/releases/tag/13.2.0,"company-own (technical, public VCS)"
braze-swift-sdk,Swift,11.6.0,2025-02-03,False,1812,https://github.com/braze-inc/braze-swift-sdk/releases/tag/11.6.0,"company-own (technical, public VCS)"
braze-swift-sdk-prebuilt-dynamic,Ruby,11.6.0,2025-02-03,False,1812,https://github.com/braze-inc/braze-swift-sdk-prebuilt-dynamic/releases/tag/11.6.0,"company-own (technical, public VCS)"
braze-swift-sdk-prebuilt-static,Ruby,11.6.0,2025-02-03,False,1812,https://github.com/braze-inc/braze-swift-sdk-prebuilt-static/releases/tag/11.6.0,"company-own (technical, public VCS)"
braze-swift-sdk-prebuilt-mergeable,Ruby,11.6.0,2025-02-03,False,1812,https://github.com/braze-inc/braze-swift-sdk-prebuilt-mergeable/releases/tag/11.6.0,"company-own (technical, public VCS)"
braze-swift-sdk,Swift,11.5.0,2025-01-17,False,1722,https://github.com/braze-inc/braze-swift-sdk/releases/tag/11.5.0,"company-own (technical, public VCS)"
braze-swift-sdk-prebuilt-dynamic,Ruby,11.5.0,2025-01-17,False,1722,https://github.com/braze-inc/braze-swift-sdk-prebuilt-dynamic/releases/tag/11.5.0,"company-own (technical, public VCS)"
braze-swift-sdk-prebuilt-static,Ruby,11.5.0,2025-01-17,False,1722,https://github.com/braze-inc/braze-swift-sdk-prebuilt-static/releases/tag/11.5.0,"company-own (technical, public VCS)"
braze-swift-sdk-prebuilt-mergeable,Ruby,11.5.0,2025-01-17,False,1722,https://github.com/braze-inc/braze-swift-sdk-prebuilt-mergeable/releases/tag/11.5.0,"company-own (technical, public VCS)"
braze-android-sdk,Kotlin,v34.0.0,2025-01-09,False,1313,https://github.com/braze-inc/braze-android-sdk/releases/tag/v34.0.0,"company-own (technical, public VCS)"
braze-swift-sdk,Swift,11.4.0,2024-12-12,False,889,https://github.com/braze-inc/braze-swift-sdk/releases/tag/11.4.0,"company-own (technical, public VCS)"
braze-swift-sdk-prebuilt-dynamic,Ruby,11.4.0,2024-12-12,False,889,https://github.com/braze-inc/braze-swift-sdk-prebuilt-dynamic/releases/tag/11.4.0,"company-own (technical, public VCS)"
braze-swift-sdk-prebuilt-static,Ruby,11.4.0,2024-12-12,False,889,https://github.com/braze-inc/braze-swift-sdk-prebuilt-static/releases/tag/11.4.0,"company-own (technical, public VCS)"
braze-swift-sdk-prebuilt-mergeable,Ruby,11.4.0,2024-12-12,False,889,https://github.com/braze-inc/braze-swift-sdk-prebuilt-mergeable/releases/tag/11.4.0,"company-own (technical, public VCS)"
braze-swift-sdk,Swift,11.0.1,2024-12-03,False,276,https://github.com/braze-inc/braze-swift-sdk/releases/tag/11.0.1,"company-own (technical, public VCS)"
braze-swift-sdk-prebuilt-dynamic,Ruby,11.0.1,2024-12-03,False,276,https://github.com/braze-inc/braze-swift-sdk-prebuilt-dynamic/releases/tag/11.0.1,"company-own (technical, public VCS)"
braze-swift-sdk-prebuilt-static,Ruby,11.0.1,2024-12-03,False,276,https://github.com/braze-inc/braze-swift-sdk-prebuilt-static/releases/tag/11.0.1,"company-own (technical, public VCS)"
braze-swift-sdk-prebuilt-mergeable,Ruby,11.0.1,2024-12-03,False,276,https://github.com/braze-inc/braze-swift-sdk-prebuilt-mergeable/releases/tag/11.0.1,"company-own (technical, public VCS)"
braze-swift-sdk,Swift,11.3.0,2024-11-06,False,437,https://github.com/braze-inc/braze-swift-sdk/releases/tag/11.3.0,"company-own (technical, public VCS)"
braze-android-sdk,Kotlin,v33.1.0,2024-11-06,False,1385,https://github.com/braze-inc/braze-android-sdk/releases/tag/v33.1.0,"company-own (technical, public VCS)"
braze-swift-sdk-prebuilt-dynamic,Ruby,11.3.0,2024-11-06,False,437,https://github.com/braze-inc/braze-swift-sdk-prebuilt-dynamic/releases/tag/11.3.0,"company-own (technical, public VCS)"
braze-swift-sdk-prebuilt-static,Ruby,11.3.0,2024-11-06,False,437,https://github.com/braze-inc/braze-swift-sdk-prebuilt-static/releases/tag/11.3.0,"company-own (technical, public VCS)"
braze-swift-sdk-prebuilt-mergeable,Ruby,11.3.0,2024-11-06,False,437,https://github.com/braze-inc/braze-swift-sdk-prebuilt-mergeable/releases/tag/11.3.0,"company-own (technical, public VCS)"
braze-swift-sdk,Swift,11.2.0,2024-10-30,False,944,https://github.com/braze-inc/braze-swift-sdk/releases/tag/11.2.0,"company-own (technical, public VCS)"
braze-swift-sdk-prebuilt-dynamic,Ruby,11.2.0,2024-10-30,False,944,https://github.com/braze-inc/braze-swift-sdk-prebuilt-dynamic/releases/tag/11.2.0,"company-own (technical, public VCS)"
braze-swift-sdk-prebuilt-static,Ruby,11.2.0,2024-10-30,False,944,https://github.com/braze-inc/braze-swift-sdk-prebuilt-static/releases/tag/11.2.0,"company-own (technical, public VCS)"
braze-swift-sdk-prebuilt-mergeable,Ruby,11.2.0,2024-10-30,False,944,https://github.com/braze-inc/braze-swift-sdk-prebuilt-mergeable/releases/tag/11.2.0,"company-own (technical, public VCS)"
braze-react-native-sdk,Kotlin,13.1.1,2024-10-28,False,139,https://github.com/braze-inc/braze-react-native-sdk/releases/tag/13.1.1,"company-own (technical, public VCS)"
braze-segment-swift,Swift,5.0.0,2024-10-21,False,402,https://github.com/braze-inc/braze-segment-swift/releases/tag/5.0.0,"company-own (technical, public VCS)"
braze-react-native-sdk,Kotlin,13.1.0,2024-10-17,False,1265,https://github.com/braze-inc/braze-react-native-sdk/releases/tag/13.1.0,"company-own (technical, public VCS)"
braze-swift-sdk,Swift,11.1.1,2024-10-16,False,276,https://github.com/braze-inc/braze-swift-sdk/releases/tag/11.1.1,"company-own (technical, public VCS)"
braze-swift-sdk-prebuilt-dynamic,Ruby,11.1.1,2024-10-16,False,276,https://github.com/braze-inc/braze-swift-sdk-prebuilt-dynamic/releases/tag/11.1.1,"company-own (technical, public VCS)"
braze-swift-sdk-prebuilt-static,Ruby,11.1.1,2024-10-16,False,276,https://github.com/braze-inc/braze-swift-sdk-prebuilt-static/releases/tag/11.1.1,"company-own (technical, public VCS)"
braze-swift-sdk-prebuilt-mergeable,Ruby,11.1.1,2024-10-16,False,276,https://github.com/braze-inc/braze-swift-sdk-prebuilt-mergeable/releases/tag/11.1.1,"company-own (technical, public VCS)"
braze-android-sdk,Kotlin,v33.0.0,2024-10-03,False,1171,https://github.com/braze-inc/braze-android-sdk/releases/tag/v33.0.0,"company-own (technical, public VCS)"
braze-swift-sdk,Swift,11.1.0,2024-10-02,False,569,https://github.com/braze-inc/braze-swift-sdk/releases/tag/11.1.0,"company-own (technical, public VCS)"
braze-swift-sdk-prebuilt-dynamic,Ruby,11.1.0,2024-10-02,False,440,https://github.com/braze-inc/braze-swift-sdk-prebuilt-dynamic/releases/tag/11.1.0,"company-own (technical, public VCS)"
braze-swift-sdk-prebuilt-static,Ruby,11.1.0,2024-10-02,False,440,https://github.com/braze-inc/braze-swift-sdk-prebuilt-static/releases/tag/11.1.0,"company-own (technical, public VCS)"
braze-swift-sdk-prebuilt-mergeable,Ruby,11.1.0,2024-10-02,False,440,https://github.com/braze-inc/braze-swift-sdk-prebuilt-mergeable/releases/tag/11.1.0,"company-own (technical, public VCS)"
braze-react-native-sdk,Kotlin,13.0.0,2024-09-26,False,621,https://github.com/braze-inc/braze-react-native-sdk/releases/tag/13.0.0,"company-own (technical, public VCS)"
braze-swift-sdk,Swift,11.0.0,2024-09-23,False,1756,https://github.com/braze-inc/braze-swift-sdk/releases/tag/11.0.0,"company-own (technical, public VCS)"
braze-swift-sdk-prebuilt-dynamic,Ruby,11.0.0,2024-09-23,False,1617,https://github.com/braze-inc/braze-swift-sdk-prebuilt-dynamic/releases/tag/11.0.0,"company-own (technical, public VCS)"
braze-swift-sdk-prebuilt-static,Ruby,11.0.0,2024-09-23,False,1617,https://github.com/braze-inc/braze-swift-sdk-prebuilt-static/releases/tag/11.0.0,"company-own (technical, public VCS)"
braze-swift-sdk-prebuilt-mergeable,Ruby,11.0.0,2024-09-23,False,1617,https://github.com/braze-inc/braze-swift-sdk-prebuilt-mergeable/releases/tag/11.0.0,"company-own (technical, public VCS)"
braze-swift-sdk,Swift,10.3.1,2024-09-18,False,174,https://github.com/braze-inc/braze-swift-sdk/releases/tag/10.3.1,"company-own (technical, public VCS)"
braze-swift-sdk-prebuilt-dynamic,Ruby,10.3.1,2024-09-18,False,174,https://github.com/braze-inc/braze-swift-sdk-prebuilt-dynamic/releases/tag/10.3.1,"company-own (technical, public VCS)"
braze-swift-sdk-prebuilt-static,Ruby,10.3.1,2024-09-18,False,174,https://github.com/braze-inc/braze-swift-sdk-prebuilt-static/releases/tag/10.3.1,"company-own (technical, public VCS)"
braze-swift-sdk-prebuilt-mergeable,Ruby,10.3.1,2024-09-18,False,174,https://github.com/braze-inc/braze-swift-sdk-prebuilt-mergeable/releases/tag/10.3.1,"company-own (technical, public VCS)"
braze-react-native-sdk,Kotlin,12.2.0,2024-09-16,False,555,https://github.com/braze-inc/braze-react-native-sdk/releases/tag/12.2.0,"company-own (technical, public VCS)"
braze-android-sdk,Kotlin,v32.1.0,2024-09-16,False,1318,https://github.com/braze-inc/braze-android-sdk/releases/tag/v32.1.0,"company-own (technical, public VCS)"
braze-swift-sdk,Swift,10.3.0,2024-09-13,False,1351,https://github.com/braze-inc/braze-swift-sdk/releases/tag/10.3.0,"company-own (technical, public VCS)"
braze-swift-sdk-prebuilt-dynamic,Ruby,10.3.0,2024-09-13,False,1351,https://github.com/braze-inc/braze-swift-sdk-prebuilt-dynamic/releases/tag/10.3.0,"company-own (technical, public VCS)"
braze-swift-sdk-prebuilt-static,Ruby,10.3.0,2024-09-13,False,1351,https://github.com/braze-inc/braze-swift-sdk-prebuilt-static/releases/tag/10.3.0,"company-own (technical, public VCS)"
braze-swift-sdk-prebuilt-mergeable,Ruby,10.3.0,2024-09-13,False,1351,https://github.com/braze-inc/braze-swift-sdk-prebuilt-mergeable/releases/tag/10.3.0,"company-own (technical, public VCS)"
braze-segment-swift,Swift,4.0.0,2024-09-03,False,402,https://github.com/braze-inc/braze-segment-swift/releases/tag/4.0.0,"company-own (technical, public VCS)"
braze-swift-sdk,Swift,10.2.0,2024-08-30,False,155,https://github.com/braze-inc/braze-swift-sdk/releases/tag/10.2.0,"company-own (technical, public VCS)"
braze-swift-sdk-prebuilt-dynamic,Ruby,10.2.0,2024-08-30,False,155,https://github.com/braze-inc/braze-swift-sdk-prebuilt-dynamic/releases/tag/10.2.0,"company-own (technical, public VCS)"
braze-swift-sdk-prebuilt-static,Ruby,10.2.0,2024-08-30,False,155,https://github.com/braze-inc/braze-swift-sdk-prebuilt-static/releases/tag/10.2.0,"company-own (technical, public VCS)"
braze-swift-sdk-prebuilt-mergeable,Ruby,10.2.0,2024-08-30,False,155,https://github.com/braze-inc/braze-swift-sdk-prebuilt-mergeable/releases/tag/10.2.0,"company-own (technical, public VCS)"
braze-cordova-sdk,Kotlin,10.0.0,2024-08-26,False,1812,https://github.com/braze-inc/braze-cordova-sdk/releases/tag/10.0.0,"company-own (technical, public VCS)"
braze-react-native-sdk,Kotlin,12.1.0,2024-08-23,False,235,https://github.com/braze-inc/braze-react-native-sdk/releases/tag/12.1.0,"company-own (technical, public VCS)"
braze-swift-sdk,Swift,10.1.0,2024-08-22,False,1610,https://github.com/braze-inc/braze-swift-sdk/releases/tag/10.1.0,"company-own (technical, public VCS)"
braze-swift-sdk-prebuilt-dynamic,Ruby,10.1.0,2024-08-22,False,1610,https://github.com/braze-inc/braze-swift-sdk-prebuilt-dynamic/releases/tag/10.1.0,"company-own (technical, public VCS)"
braze-swift-sdk-prebuilt-static,Ruby,10.1.0,2024-08-22,False,1610,https://github.com/braze-inc/braze-swift-sdk-prebuilt-static/releases/tag/10.1.0,"company-own (technical, public VCS)"
braze-swift-sdk-prebuilt-mergeable,Ruby,10.1.0,2024-08-22,False,1610,https://github.com/braze-inc/braze-swift-sdk-prebuilt-mergeable/releases/tag/10.1.0,"company-own (technical, public VCS)"
braze-react-native-sdk,Kotlin,12.0.0,2024-08-13,False,879,https://github.com/braze-inc/braze-react-native-sdk/releases/tag/12.0.0,"company-own (technical, public VCS)"
braze-xamarin-sdk,Objective-C,6.0.0,2024-08-09,False,906,https://github.com/braze-inc/braze-xamarin-sdk/releases/tag/6.0.0,"company-own (technical, public VCS)"
braze-swift-sdk,Swift,10.0.0,2024-08-05,False,4213,https://github.com/braze-inc/braze-swift-sdk/releases/tag/10.0.0,"company-own (technical, public VCS)"
braze-swift-sdk-prebuilt-dynamic,Ruby,10.0.0,2024-08-05,False,4213,https://github.com/braze-inc/braze-swift-sdk-prebuilt-dynamic/releases/tag/10.0.0,"company-own (technical, public VCS)"
braze-swift-sdk-prebuilt-static,Ruby,10.0.0,2024-08-05,False,4213,https://github.com/braze-inc/braze-swift-sdk-prebuilt-static/releases/tag/10.0.0,"company-own (technical, public VCS)"
braze-swift-sdk-prebuilt-mergeable,Ruby,10.0.0,2024-08-05,False,4213,https://github.com/braze-inc/braze-swift-sdk-prebuilt-mergeable/releases/tag/10.0.0,"company-own (technical, public VCS)"
braze-android-sdk,Kotlin,v32.0.0,2024-07-29,False,1004,https://github.com/braze-inc/braze-android-sdk/releases/tag/v32.0.0,"company-own (technical, public VCS)"
braze-swift-sdk,Swift,9.3.1,2024-06-27,False,699,https://github.com/braze-inc/braze-swift-sdk/releases/tag/9.3.1,"company-own (technical, public VCS)"
braze-swift-sdk-prebuilt-dynamic,Ruby,9.3.1,2024-06-27,False,699,https://github.com/braze-inc/braze-swift-sdk-prebuilt-dynamic/releases/tag/9.3.1,"company-own (technical, public VCS)"
braze-swift-sdk-prebuilt-static,Ruby,9.3.1,2024-06-27,False,699,https://github.com/braze-inc/braze-swift-sdk-prebuilt-static/releases/tag/9.3.1,"company-own (technical, public VCS)"
braze-swift-sdk-prebuilt-mergeable,Ruby,9.3.1,2024-06-27,False,699,https://github.com/braze-inc/braze-swift-sdk-prebuilt-mergeable/releases/tag/9.3.1,"company-own (technical, public VCS)"
braze-swift-sdk,Swift,9.3.0,2024-05-30,False,1075,https://github.com/braze-inc/braze-swift-sdk/releases/tag/9.3.0,"company-own (technical, public VCS)"
braze-swift-sdk-prebuilt-dynamic,Ruby,9.3.0,2024-05-30,False,1075,https://github.com/braze-inc/braze-swift-sdk-prebuilt-dynamic/releases/tag/9.3.0,"company-own (technical, public VCS)"
braze-swift-sdk-prebuilt-static,Ruby,9.3.0,2024-05-30,False,1075,https://github.com/braze-inc/braze-swift-sdk-prebuilt-static/releases/tag/9.3.0,"company-own (technical, public VCS)"
braze-swift-sdk-prebuilt-mergeable,Ruby,9.3.0,2024-05-30,False,1075,https://github.com/braze-inc/braze-swift-sdk-prebuilt-mergeable/releases/tag/9.3.0,"company-own (technical, public VCS)"
braze-segment-swift,Swift,3.0.0,2024-05-24,False,1021,https://github.com/braze-inc/braze-segment-swift/releases/tag/3.0.0,"company-own (technical, public VCS)"
braze-cordova-sdk,Kotlin,9.2.0,2024-05-23,False,221,https://github.com/braze-inc/braze-cordova-sdk/releases/tag/9.2.0,"company-own (technical, public VCS)"
braze-swift-sdk,Swift,9.2.0,2024-05-23,False,589,https://github.com/braze-inc/braze-swift-sdk/releases/tag/9.2.0,"company-own (technical, public VCS)"
braze-swift-sdk-prebuilt-dynamic,Ruby,9.2.0,2024-05-23,False,589,https://github.com/braze-inc/braze-swift-sdk-prebuilt-dynamic/releases/tag/9.2.0,"company-own (technical, public VCS)"
braze-swift-sdk-prebuilt-static,Ruby,9.2.0,2024-05-23,False,589,https://github.com/braze-inc/braze-swift-sdk-prebuilt-static/releases/tag/9.2.0,"company-own (technical, public VCS)"
braze-swift-sdk-prebuilt-mergeable,Ruby,9.2.0,2024-05-23,False,589,https://github.com/braze-inc/braze-swift-sdk-prebuilt-mergeable/releases/tag/9.2.0,"company-own (technical, public VCS)"
braze-cordova-sdk,Kotlin,9.1.0,2024-05-15,False,443,https://github.com/braze-inc/braze-cordova-sdk/releases/tag/9.1.0,"company-own (technical, public VCS)"
braze-swift-sdk,Swift,9.1.0,2024-05-14,False,753,https://github.com/braze-inc/braze-swift-sdk/releases/tag/9.1.0,"company-own (technical, public VCS)"
braze-swift-sdk-prebuilt-dynamic,Ruby,9.1.0,2024-05-14,False,753,https://github.com/braze-inc/braze-swift-sdk-prebuilt-dynamic/releases/tag/9.1.0,"company-own (technical, public VCS)"
braze-swift-sdk-prebuilt-static,Ruby,9.1.0,2024-05-14,False,753,https://github.com/braze-inc/braze-swift-sdk-prebuilt-static/releases/tag/9.1.0,"company-own (technical, public VCS)"
braze-swift-sdk-prebuilt-mergeable,Ruby,9.1.0,2024-05-14,False,753,https://github.com/braze-inc/braze-swift-sdk-prebuilt-mergeable/releases/tag/9.1.0,"company-own (technical, public VCS)"
braze-react-native-sdk,Kotlin,11.0.0,2024-05-10,False,496,https://github.com/braze-inc/braze-react-native-sdk/releases/tag/11.0.0,"company-own (technical, public VCS)"
braze-android-sdk,Kotlin,v31.1.0,2024-05-09,False,198,https://github.com/braze-inc/braze-android-sdk/releases/tag/v31.1.0,"company-own (technical, public VCS)"
braze-android-sdk,Kotlin,v31.0.0,2024-05-06,False,1289,https://github.com/braze-inc/braze-android-sdk/releases/tag/v31.0.0,"company-own (technical, public VCS)"
braze-cordova-sdk,Kotlin,9.0.0,2024-05-01,False,1778,https://github.com/braze-inc/braze-cordova-sdk/releases/tag/9.0.0,"company-own (technical, public VCS)"
braze-xamarin-sdk,Objective-C,5.0.0,2024-05-01,False,218,https://github.com/braze-inc/braze-xamarin-sdk/releases/tag/5.0.0,"company-own (technical, public VCS)"
braze-react-native-sdk,Kotlin,10.0.0,2024-04-30,False,483,https://github.com/braze-inc/braze-react-native-sdk/releases/tag/10.0.0,"company-own (technical, public VCS)"
braze-segment-swift,Swift,2.4.0,2024-04-29,False,222,https://github.com/braze-inc/braze-segment-swift/releases/tag/2.4.0,"company-own (technical, public VCS)"
braze-swift-sdk,Swift,9.0.0,2024-04-25,False,1101,https://github.com/braze-inc/braze-swift-sdk/releases/tag/9.0.0,"company-own (technical, public VCS)"
braze-swift-sdk-prebuilt-dynamic,Ruby,9.0.0,2024-04-25,False,1101,https://github.com/braze-inc/braze-swift-sdk-prebuilt-dynamic/releases/tag/9.0.0,"company-own (technical, public VCS)"
braze-swift-sdk-prebuilt-static,Ruby,9.0.0,2024-04-25,False,1101,https://github.com/braze-inc/braze-swift-sdk-prebuilt-static/releases/tag/9.0.0,"company-own (technical, public VCS)"
braze-swift-sdk-prebuilt-mergeable,Ruby,9.0.0,2024-04-25,False,1101,https://github.com/braze-inc/braze-swift-sdk-prebuilt-mergeable/releases/tag/9.0.0,"company-own (technical, public VCS)"
braze-xamarin-sdk,Objective-C,4.0.3,2024-04-18,False,429,https://github.com/braze-inc/braze-xamarin-sdk/releases/tag/4.0.3,"company-own (technical, public VCS)"
braze-react-native-sdk,Kotlin,9.2.0,2024-04-18,False,394,https://github.com/braze-inc/braze-react-native-sdk/releases/tag/9.2.0,"company-own (technical, public VCS)"
braze-android-sdk,Kotlin,v30.4.0,2024-04-18,False,397,https://github.com/braze-inc/braze-android-sdk/releases/tag/v30.4.0,"company-own (technical, public VCS)"
braze-swift-sdk,Swift,8.4.0,2024-04-09,False,584,https://github.com/braze-inc/braze-swift-sdk/releases/tag/8.4.0,"company-own (technical, public VCS)"
braze-swift-sdk-prebuilt-dynamic,Ruby,8.4.0,2024-04-09,False,584,https://github.com/braze-inc/braze-swift-sdk-prebuilt-dynamic/releases/tag/8.4.0,"company-own (technical, public VCS)"
braze-swift-sdk-prebuilt-static,Ruby,8.4.0,2024-04-09,False,584,https://github.com/braze-inc/braze-swift-sdk-prebuilt-static/releases/tag/8.4.0,"company-own (technical, public VCS)"
braze-swift-sdk-prebuilt-mergeable,Ruby,8.4.0,2024-04-09,False,584,https://github.com/braze-inc/braze-swift-sdk-prebuilt-mergeable/releases/tag/8.4.0,"company-own (technical, public VCS)"
braze-swift-sdk-prebuilt-mergeable,Ruby,8.3.0,2024-04-05,False,1156,https://github.com/braze-inc/braze-swift-sdk-prebuilt-mergeable/releases/tag/8.3.0,"company-own (technical, public VCS)"
braze-swift-sdk,Swift,8.3.0,2024-04-04,False,1156,https://github.com/braze-inc/braze-swift-sdk/releases/tag/8.3.0,"company-own (technical, public VCS)"
braze-swift-sdk-prebuilt-dynamic,Ruby,8.3.0,2024-04-04,False,1156,https://github.com/braze-inc/braze-swift-sdk-prebuilt-dynamic/releases/tag/8.3.0,"company-own (technical, public VCS)"
braze-swift-sdk-prebuilt-static,Ruby,8.3.0,2024-04-04,False,1156,https://github.com/braze-inc/braze-swift-sdk-prebuilt-static/releases/tag/8.3.0,"company-own (technical, public VCS)"
braze-react-native-sdk,Kotlin,9.1.0,2024-03-27,False,730,https://github.com/braze-inc/braze-react-native-sdk/releases/tag/9.1.0,"company-own (technical, public VCS)"
braze-swift-sdk,Swift,8.2.1,2024-03-19,False,89,https://github.com/braze-inc/braze-swift-sdk/releases/tag/8.2.1,"company-own (technical, public VCS)"
braze-swift-sdk-prebuilt-dynamic,Ruby,8.2.1,2024-03-19,False,89,https://github.com/braze-inc/braze-swift-sdk-prebuilt-dynamic/releases/tag/8.2.1,"company-own (technical, public VCS)"
braze-swift-sdk-prebuilt-static,Ruby,8.2.1,2024-03-19,False,89,https://github.com/braze-inc/braze-swift-sdk-prebuilt-static/releases/tag/8.2.1,"company-own (technical, public VCS)"
braze-android-sdk,Kotlin,v30.3.0,2024-03-18,False,206,https://github.com/braze-inc/braze-android-sdk/releases/tag/v30.3.0,"company-own (technical, public VCS)"
braze-swift-sdk,Swift,8.2.0,2024-03-14,False,1058,https://github.com/braze-inc/braze-swift-sdk/releases/tag/8.2.0,"company-own (technical, public VCS)"
braze-swift-sdk-prebuilt-dynamic,Ruby,8.2.0,2024-03-14,False,1058,https://github.com/braze-inc/braze-swift-sdk-prebuilt-dynamic/releases/tag/8.2.0,"company-own (technical, public VCS)"
braze-swift-sdk-prebuilt-static,Ruby,8.2.0,2024-03-14,False,1058,https://github.com/braze-inc/braze-swift-sdk-prebuilt-static/releases/tag/8.2.0,"company-own (technical, public VCS)"
braze-segment-swift,Swift,2.3.0,2024-03-13,False,354,https://github.com/braze-inc/braze-segment-swift/releases/tag/2.3.0,"company-own (technical, public VCS)"
braze-react-native-sdk,Kotlin,9.0.0,2024-03-08,False,852,https://github.com/braze-inc/braze-react-native-sdk/releases/tag/9.0.0,"company-own (technical, public VCS)"
braze-swift-sdk,Swift,8.1.0,2024-03-07,False,2325,https://github.com/braze-inc/braze-swift-sdk/releases/tag/8.1.0,"company-own (technical, public VCS)"
braze-swift-sdk-prebuilt-dynamic,Ruby,8.1.0,2024-03-07,False,2325,https://github.com/braze-inc/braze-swift-sdk-prebuilt-dynamic/releases/tag/8.1.0,"company-own (technical, public VCS)"
braze-swift-sdk-prebuilt-static,Ruby,8.1.0,2024-03-07,False,2325,https://github.com/braze-inc/braze-swift-sdk-prebuilt-static/releases/tag/8.1.0,"company-own (technical, public VCS)"
braze-cordova-sdk,Kotlin,8.1.0,2024-03-01,False,4001,https://github.com/braze-inc/braze-cordova-sdk/releases/tag/8.1.0,"company-own (technical, public VCS)"
braze-react-native-sdk,Kotlin,8.4.0,2024-02-29,False,1215,https://github.com/braze-inc/braze-react-native-sdk/releases/tag/8.4.0,"company-own (technical, public VCS)"
braze-android-sdk,Kotlin,v30.1.1,2024-02-27,False,281,https://github.com/braze-inc/braze-android-sdk/releases/tag/v30.1.1,"company-own (technical, public VCS)"
braze-xamarin-sdk,Objective-C,4.0.2,2024-02-14,False,435,https://github.com/braze-inc/braze-xamarin-sdk/releases/tag/4.0.2,"company-own (technical, public VCS)"
braze-swift-sdk,Swift,8.0.1,2024-02-14,False,238,https://github.com/braze-inc/braze-swift-sdk/releases/tag/8.0.1,"company-own (technical, public VCS)"
braze-swift-sdk-prebuilt-dynamic,Ruby,8.0.1,2024-02-14,False,175,https://github.com/braze-inc/braze-swift-sdk-prebuilt-dynamic/releases/tag/8.0.1,"company-own (technical, public VCS)"
braze-swift-sdk-prebuilt-static,Ruby,8.0.1,2024-02-14,False,175,https://github.com/braze-inc/braze-swift-sdk-prebuilt-static/releases/tag/8.0.1,"company-own (technical, public VCS)"
braze-swift-sdk,Swift,8.0.0,2024-02-12,False,824,https://github.com/braze-inc/braze-swift-sdk/releases/tag/8.0.0,"company-own (technical, public VCS)"
braze-android-sdk,Kotlin,v30.1.0,2024-02-12,False,477,https://github.com/braze-inc/braze-android-sdk/releases/tag/v30.1.0,"company-own (technical, public VCS)"
braze-swift-sdk-prebuilt-dynamic,Ruby,8.0.0,2024-02-12,False,723,https://github.com/braze-inc/braze-swift-sdk-prebuilt-dynamic/releases/tag/8.0.0,"company-own (technical, public VCS)"
braze-swift-sdk-prebuilt-static,Ruby,8.0.0,2024-02-12,False,723,https://github.com/braze-inc/braze-swift-sdk-prebuilt-static/releases/tag/8.0.0,"company-own (technical, public VCS)"
braze-swift-sdk,Swift,7.7.0,2024-02-09,False,983,https://github.com/braze-inc/braze-swift-sdk/releases/tag/7.7.0,"company-own (technical, public VCS)"
braze-swift-sdk-prebuilt-dynamic,Ruby,7.7.0,2024-02-09,False,983,https://github.com/braze-inc/braze-swift-sdk-prebuilt-dynamic/releases/tag/7.7.0,"company-own (technical, public VCS)"
braze-swift-sdk-prebuilt-static,Ruby,7.7.0,2024-02-09,False,983,https://github.com/braze-inc/braze-swift-sdk-prebuilt-static/releases/tag/7.7.0,"company-own (technical, public VCS)"
braze-cordova-sdk,Kotlin,8.0.0,2024-02-08,False,1808,https://github.com/braze-inc/braze-cordova-sdk/releases/tag/8.0.0,"company-own (technical, public VCS)"
braze-swift-sdk,Swift,6.6.2,2024-02-01,False,260,https://github.com/braze-inc/braze-swift-sdk/releases/tag/6.6.2,"company-own (technical, public VCS)"
braze-xamarin-sdk,Objective-C,4.0.1,2024-01-30,False,98,https://github.com/braze-inc/braze-xamarin-sdk/releases/tag/4.0.1,"company-own (technical, public VCS)"
braze-xamarin-sdk,Objective-C,4.0.0,2024-01-30,False,1716,https://github.com/braze-inc/braze-xamarin-sdk/releases/tag/4.0.0,"company-own (technical, public VCS)"
braze-swift-sdk,Swift,7.6.0,2024-01-30,False,1801,https://github.com/braze-inc/braze-swift-sdk/releases/tag/7.6.0,"company-own (technical, public VCS)"
braze-swift-sdk-prebuilt-dynamic,Ruby,7.6.0,2024-01-30,False,1783,https://github.com/braze-inc/braze-swift-sdk-prebuilt-dynamic/releases/tag/7.6.0,"company-own (technical, public VCS)"
braze-swift-sdk-prebuilt-static,Ruby,7.6.0,2024-01-30,False,1783,https://github.com/braze-inc/braze-swift-sdk-prebuilt-static/releases/tag/7.6.0,"company-own (technical, public VCS)"
braze-android-sdk,Kotlin,v30.0.0,2024-01-23,False,1428,https://github.com/braze-inc/braze-android-sdk/releases/tag/v30.0.0,"company-own (technical, public VCS)"
braze-xamarin-sdk,Objective-C,3.0.0,2024-01-10,False,1296,https://github.com/braze-inc/braze-xamarin-sdk/releases/tag/3.0.0,"company-own (technical, public VCS)"
braze-xamarin-sdk,Objective-C,2.0.1,2024-01-10,False,155,https://github.com/braze-inc/braze-xamarin-sdk/releases/tag/2.0.1,"company-own (technical, public VCS)"
braze-xamarin-sdk,Objective-C,2.0.0,2024-01-10,False,253,https://github.com/braze-inc/braze-xamarin-sdk/releases/tag/2.0.0,"company-own (technical, public VCS)"
braze-react-native-sdk,Kotlin,8.3.0,2024-01-10,False,789,https://github.com/braze-inc/braze-react-native-sdk/releases/tag/8.3.0,"company-own (technical, public VCS)"
braze-swift-sdk,Swift,7.5.0,2024-01-08,False,1534,https://github.com/braze-inc/braze-swift-sdk/releases/tag/7.5.0,"company-own (technical, public VCS)"
braze-swift-sdk-prebuilt-dynamic,Ruby,7.5.0,2024-01-08,False,1534,https://github.com/braze-inc/braze-swift-sdk-prebuilt-dynamic/releases/tag/7.5.0,"company-own (technical, public VCS)"
braze-swift-sdk-prebuilt-static,Ruby,7.5.0,2024-01-08,False,1534,https://github.com/braze-inc/braze-swift-sdk-prebuilt-static/releases/tag/7.5.0,"company-own (technical, public VCS)"
braze-swift-sdk,Swift,7.4.0,2023-12-12,False,1508,https://github.com/braze-inc/braze-swift-sdk/releases/tag/7.4.0,"company-own (technical, public VCS)"
braze-swift-sdk-prebuilt-dynamic,Ruby,7.4.0,2023-12-12,False,1508,https://github.com/braze-inc/braze-swift-sdk-prebuilt-dynamic/releases/tag/7.4.0,"company-own (technical, public VCS)"
braze-swift-sdk-prebuilt-static,Ruby,7.4.0,2023-12-12,False,1508,https://github.com/braze-inc/braze-swift-sdk-prebuilt-static/releases/tag/7.4.0,"company-own (technical, public VCS)"
braze-react-native-sdk,Kotlin,8.2.0,2023-11-30,False,711,https://github.com/braze-inc/braze-react-native-sdk/releases/tag/8.2.0,"company-own (technical, public VCS)"
braze-segment-swift,Swift,2.2.0,2023-11-28,False,432,https://github.com/braze-inc/braze-segment-swift/releases/tag/2.2.0,"company-own (technical, public VCS)"
braze-swift-sdk,Swift,7.3.0,2023-11-27,False,465,https://github.com/braze-inc/braze-swift-sdk/releases/tag/7.3.0,"company-own (technical, public VCS)"
braze-react-native-sdk,Kotlin,8.1.0,2023-11-14,False,1761,https://github.com/braze-inc/braze-react-native-sdk/releases/tag/8.1.0,"company-own (technical, public VCS)"
braze-swift-sdk,Swift,7.2.0,2023-11-14,False,1365,https://github.com/braze-inc/braze-swift-sdk/releases/tag/7.2.0,"company-own (technical, public VCS)"
braze-swift-sdk,Swift,7.1.0,2023-10-23,False,751,https://github.com/braze-inc/braze-swift-sdk/releases/tag/7.1.0,"company-own (technical, public VCS)"
braze-react-native-sdk,Kotlin,8.0.0,2023-10-19,False,1142,https://github.com/braze-inc/braze-react-native-sdk/releases/tag/8.0.0,"company-own (technical, public VCS)"
braze-segment-swift,Swift,2.1.0,2023-10-17,False,625,https://github.com/braze-inc/braze-segment-swift/releases/tag/2.1.0,"company-own (technical, public VCS)"
braze-swift-sdk,Swift,7.0.0,2023-10-03,False,1781,https://github.com/braze-inc/braze-swift-sdk/releases/tag/7.0.0,"company-own (technical, public VCS)"
braze-segment-swift,Swift,2.0.0,2023-09-15,False,1521,https://github.com/braze-inc/braze-segment-swift/releases/tag/2.0.0,"company-own (technical, public VCS)"
braze-cordova-sdk,Kotlin,7.0.0,2023-09-14,False,1035,https://github.com/braze-inc/braze-cordova-sdk/releases/tag/7.0.0,"company-own (technical, public VCS)"
braze-swift-sdk,Swift,6.6.1,2023-09-14,False,755,https://github.com/braze-inc/braze-swift-sdk/releases/tag/6.6.1,"company-own (technical, public VCS)"
braze-react-native-sdk,Kotlin,7.0.0,2023-09-12,False,1501,https://github.com/braze-inc/braze-react-native-sdk/releases/tag/7.0.0,"company-own (technical, public VCS)"
braze-swift-sdk,Swift,6.6.0,2023-08-15,False,886,https://github.com/braze-inc/braze-swift-sdk/releases/tag/6.6.0,"company-own (technical, public VCS)"
braze-react-native-sdk,Kotlin,6.0.2,2023-08-11,False,169,https://github.com/braze-inc/braze-react-native-sdk/releases/tag/6.0.2,"company-own (technical, public VCS)"
braze-cordova-sdk,Kotlin,6.0.0,2023-08-08,False,1057,https://github.com/braze-inc/braze-cordova-sdk/releases/tag/6.0.0,"company-own (technical, public VCS)"
braze-react-native-sdk,Kotlin,6.0.1,2023-08-08,False,181,https://github.com/braze-inc/braze-react-native-sdk/releases/tag/6.0.1,"company-own (technical, public VCS)"
braze-react-native-sdk,Kotlin,6.0.0,2023-08-03,False,3107,https://github.com/braze-inc/braze-react-native-sdk/releases/tag/6.0.0,"company-own (technical, public VCS)"
braze-swift-sdk,Swift,6.5.0,2023-08-02,False,3134,https://github.com/braze-inc/braze-swift-sdk/releases/tag/6.5.0,"company-own (technical, public VCS)"
braze-swift-sdk,Swift,6.4.0,2023-07-26,False,779,https://github.com/braze-inc/braze-swift-sdk/releases/tag/6.4.0,"company-own (technical, public VCS)"
braze-react-native-sdk,Kotlin,5.2.0,2023-07-13,False,581,https://github.com/braze-inc/braze-react-native-sdk/releases/tag/5.2.0,"company-own (technical, public VCS)"
braze-swift-sdk,Swift,6.3.1,2023-07-07,False,1052,https://github.com/braze-inc/braze-swift-sdk/releases/tag/6.3.1,"company-own (technical, public VCS)"
braze-react-native-sdk,Kotlin,5.1.0,2023-06-21,False,364,https://github.com/braze-inc/braze-react-native-sdk/releases/tag/5.1.0,"company-own (technical, public VCS)"
braze-swift-sdk,Swift,6.3.0,2023-06-12,False,542,https://github.com/braze-inc/braze-swift-sdk/releases/tag/6.3.0,"company-own (technical, public VCS)"
braze-cordova-sdk,Kotlin,5.0.0,2023-05-24,False,587,https://github.com/braze-inc/braze-cordova-sdk/releases/tag/5.0.0,"company-own (technical, public VCS)"
braze-react-native-sdk,Kotlin,5.0.0,2023-05-23,False,871,https://github.com/braze-inc/braze-react-native-sdk/releases/tag/5.0.0,"company-own (technical, public VCS)"
braze-swift-sdk,Swift,6.2.0,2023-05-22,False,917,https://github.com/braze-inc/braze-swift-sdk/releases/tag/6.2.0,"company-own (technical, public VCS)"
braze-swift-sdk,Swift,6.1.0,2023-05-15,False,913,https://github.com/braze-inc/braze-swift-sdk/releases/tag/6.1.0,"company-own (technical, public VCS)"
braze-cordova-sdk,Kotlin,4.0.0,2023-05-10,False,1831,https://github.com/braze-inc/braze-cordova-sdk/releases/tag/4.0.0,"company-own (technical, public VCS)"
braze-swift-sdk,Swift,6.0.0,2023-04-25,False,1668,https://github.com/braze-inc/braze-swift-sdk/releases/tag/6.0.0,"company-own (technical, public VCS)"
braze-swift-sdk,Swift,5.14.0,2023-04-19,False,982,https://github.com/braze-inc/braze-swift-sdk/releases/tag/5.14.0,"company-own (technical, public VCS)"
braze-react-native-sdk,Kotlin,4.1.0,2023-04-10,False,606,https://github.com/braze-inc/braze-react-native-sdk/releases/tag/4.1.0,"company-own (technical, public VCS)"
braze-react-native-sdk,Kotlin,4.0.0,2023-03-31,False,1315,https://github.com/braze-inc/braze-react-native-sdk/releases/tag/4.0.0,"company-own (technical, public VCS)"
braze-swift-sdk,Swift,5.13.0,2023-03-24,False,593,https://github.com/braze-inc/braze-swift-sdk/releases/tag/5.13.0,"company-own (technical, public VCS)"
braze-swift-sdk,Swift,5.12.0,2023-03-22,False,229,https://github.com/braze-inc/braze-swift-sdk/releases/tag/5.12.0,"company-own (technical, public VCS)"
braze-react-native-sdk,Kotlin,3.0.0,2023-03-13,False,1410,https://github.com/braze-inc/braze-react-native-sdk/releases/tag/3.0.0,"company-own (technical, public VCS)"
braze-swift-sdk,Swift,5.11.2,2023-03-10,False,138,https://github.com/braze-inc/braze-swift-sdk/releases/tag/5.11.2,"company-own (technical, public VCS)"
braze-swift-sdk,Swift,5.11.1,2023-03-09,False,1177,https://github.com/braze-inc/braze-swift-sdk/releases/tag/5.11.1,"company-own (technical, public VCS)"
braze-cordova-sdk,Kotlin,3.0.0,2023-03-07,False,389,https://github.com/braze-inc/braze-cordova-sdk/releases/tag/3.0.0,"company-own (technical, public VCS)"
braze-react-native-sdk,Kotlin,2.1.0,2023-02-28,False,164,https://github.com/braze-inc/braze-react-native-sdk/releases/tag/2.1.0,"company-own (technical, public VCS)"
braze-swift-sdk,Swift,5.11.0,2023-02-27,False,863,https://github.com/braze-inc/braze-swift-sdk/releases/tag/5.11.0,"company-own (technical, public VCS)"
braze-xamarin-sdk,Objective-C,1.27.0,2023-02-23,False,313,https://github.com/braze-inc/braze-xamarin-sdk/releases/tag/1.27.0,"company-own (technical, public VCS)"
braze-swift-sdk,Swift,5.10.1,2023-02-16,False,146,https://github.com/braze-inc/braze-swift-sdk/releases/tag/5.10.1,"company-own (technical, public VCS)"
braze-react-native-sdk,Kotlin,2.0.2,2023-02-14,False,396,https://github.com/braze-inc/braze-react-native-sdk/releases/tag/2.0.2,"company-own (technical, public VCS)"
braze-react-native-sdk,Kotlin,2.0.1,2023-02-13,False,189,https://github.com/braze-inc/braze-react-native-sdk/releases/tag/2.0.1,"company-own (technical, public VCS)"
braze-swift-sdk,Swift,5.10.0,2023-02-13,False,529,https://github.com/braze-inc/braze-swift-sdk/releases/tag/5.10.0,"company-own (technical, public VCS)"
braze-react-native-sdk,Kotlin,2.0.0,2023-02-08,False,1891,https://github.com/braze-inc/braze-react-native-sdk/releases/tag/2.0.0,"company-own (technical, public VCS)"
braze-cordova-sdk,Kotlin,2.33.0,2023-02-06,False,178,https://github.com/braze-inc/braze-cordova-sdk/releases/tag/2.33.0,"company-own (technical, public VCS)"
braze-swift-sdk,Swift,5.9.1,2023-02-01,False,329,https://github.com/braze-inc/braze-swift-sdk/releases/tag/5.9.1,"company-own (technical, public VCS)"
braze-swift-sdk,Swift,5.9.0,2023-01-24,False,1285,https://github.com/braze-inc/braze-swift-sdk/releases/tag/5.9.0,"company-own (technical, public VCS)"
braze-swift-sdk,Swift,5.8.1,2023-01-10,False,415,https://github.com/braze-inc/braze-swift-sdk/releases/tag/5.8.1,"company-own (technical, public VCS)"
braze-swift-sdk,Swift,5.8.0,2022-12-15,False,887,https://github.com/braze-inc/braze-swift-sdk/releases/tag/5.8.0,"company-own (technical, public VCS)"
braze-react-native-sdk,Kotlin,1.41.0,2022-12-07,False,431,https://github.com/braze-inc/braze-react-native-sdk/releases/tag/1.41.0,"company-own (technical, public VCS)"
braze-swift-sdk,Swift,5.7.0,2022-12-06,False,940,https://github.com/braze-inc/braze-swift-sdk/releases/tag/5.7.0,"company-own (technical, public VCS)"
braze-swift-sdk,Swift,5.6.4,2022-11-30,False,1716,https://github.com/braze-inc/braze-swift-sdk/releases/tag/5.6.4,"company-own (technical, public VCS)"
braze-swift-sdk,Swift,5.6.3,2022-11-17,False,519,https://github.com/braze-inc/braze-swift-sdk/releases/tag/5.6.3,"company-own (technical, public VCS)"
braze-swift-sdk,Swift,5.6.2,2022-11-07,False,81,https://github.com/braze-inc/braze-swift-sdk/releases/tag/5.6.2,"company-own (technical, public VCS)"
braze-swift-sdk,Swift,5.6.1,2022-11-02,False,143,https://github.com/braze-inc/braze-swift-sdk/releases/tag/5.6.1,"company-own (technical, public VCS)"
braze-swift-sdk,Swift,5.5.1,2022-10-27,False,227,https://github.com/braze-inc/braze-swift-sdk/releases/tag/5.5.1,"company-own (technical, public VCS)"
braze-segment-swift,Swift,1.0.0,2022-10-26,False,1,https://github.com/braze-inc/braze-segment-swift/releases/tag/1.0.0,"company-own (technical, public VCS)"
braze-swift-sdk,Swift,5.6.0,2022-10-25,False,2986,https://github.com/braze-inc/braze-swift-sdk/releases/tag/5.6.0,"company-own (technical, public VCS)"
braze-react-native-sdk,Kotlin,1.40.0,2022-10-14,False,366,https://github.com/braze-inc/braze-react-native-sdk/releases/tag/1.40.0,"company-own (technical, public VCS)"
braze-swift-sdk,Swift,5.5.0,2022-09-27,False,882,https://github.com/braze-inc/braze-swift-sdk/releases/tag/5.5.0,"company-own (technical, public VCS)"
braze-react-native-sdk,Kotlin,1.39.0,2022-09-26,False,330,https://github.com/braze-inc/braze-react-native-sdk/releases/tag/1.39.0,"company-own (technical, public VCS)"
braze-react-native-sdk,Kotlin,1.38.1,2022-09-12,False,104,https://github.com/braze-inc/braze-react-native-sdk/releases/tag/1.38.1,"company-own (technical, public VCS)"
braze-swift-sdk,Swift,5.4.0,2022-09-07,False,225,https://github.com/braze-inc/braze-swift-sdk/releases/tag/5.4.0,"company-own (technical, public VCS)"
braze-swift-sdk,Swift,5.3.2,2022-09-06,False,176,https://github.com/braze-inc/braze-swift-sdk/releases/tag/5.3.2,"company-own (technical, public VCS)"
braze-swift-sdk,Swift,5.3.1,2022-09-01,False,1198,https://github.com/braze-inc/braze-swift-sdk/releases/tag/5.3.1,"company-own (technical, public VCS)"
braze-react-native-sdk,Kotlin,1.38.0,2022-08-25,False,1170,https://github.com/braze-inc/braze-react-native-sdk/releases/tag/1.38.0,"company-own (technical, public VCS)"
braze-swift-sdk,Swift,5.3.0,2022-08-24,False,142,https://github.com/braze-inc/braze-swift-sdk/releases/tag/5.3.0,"company-own (technical, public VCS)"
braze-swift-sdk,Swift,5.2.0,2022-08-19,False,390,https://github.com/braze-inc/braze-swift-sdk/releases/tag/5.2.0,"company-own (technical, public VCS)"
braze-react-native-sdk,Kotlin,1.37.0,2022-07-25,False,498,https://github.com/braze-inc/braze-react-native-sdk/releases/tag/1.37.0,"company-own (technical, public VCS)"
braze-cordova-sdk,Kotlin,2.30.1,2022-07-15,False,364,https://github.com/braze-inc/braze-cordova-sdk/releases/tag/2.30.1,"company-own (technical, public VCS)"
braze-react-native-sdk,Kotlin,1.36.0,2022-06-27,False,460,https://github.com/braze-inc/braze-react-native-sdk/releases/tag/1.36.0,"company-own (technical, public VCS)"
braze-cordova-sdk,Kotlin,2.30.0,2022-06-22,False,202,https://github.com/braze-inc/braze-cordova-sdk/releases/tag/2.30.0,"company-own (technical, public VCS)"
braze-xamarin-sdk,Objective-C,1.25.0,2022-06-22,False,171,https://github.com/braze-inc/braze-xamarin-sdk/releases/tag/1.25.0,"company-own (technical, public VCS)"
braze-cordova-sdk,Kotlin,2.29.0,2022-04-13,False,251,https://github.com/braze-inc/braze-cordova-sdk/releases/tag/2.29.0,"company-own (technical, public VCS)"
braze-xamarin-sdk,Objective-C,1.24.0,2022-04-13,False,158,https://github.com/braze-inc/braze-xamarin-sdk/releases/tag/1.24.0,"company-own (technical, public VCS)"
braze-react-native-sdk,Kotlin,1.35.1,2022-03-16,False,120,https://github.com/braze-inc/braze-react-native-sdk/releases/tag/1.35.1,"company-own (technical, public VCS)"
braze-react-native-sdk,Kotlin,1.35.0,2022-03-11,False,183,https://github.com/braze-inc/braze-react-native-sdk/releases/tag/1.35.0,"company-own (technical, public VCS)"
braze-react-native-sdk,Kotlin,1.34.1,2022-01-28,False,99,https://github.com/braze-inc/braze-react-native-sdk/releases/tag/1.34.1,"company-own (technical, public VCS)"
braze-react-native-sdk,Kotlin,1.34.0,2022-01-20,False,300,https://github.com/braze-inc/braze-react-native-sdk/releases/tag/1.34.0,"company-own (technical, public VCS)"
braze-cordova-sdk,Kotlin,2.28.0,2022-01-14,False,233,https://github.com/braze-inc/braze-cordova-sdk/releases/tag/2.28.0,"company-own (technical, public VCS)"
braze-cordova-sdk,Kotlin,2.27.0,2021-11-08,False,322,https://github.com/braze-inc/braze-cordova-sdk/releases/tag/2.27.0,"company-own (technical, public VCS)"
braze-cordova-sdk,Kotlin,2.26.0,2021-09-28,False,652,https://github.com/braze-inc/braze-cordova-sdk/releases/tag/2.26.0,"company-own (technical, public VCS)"
braze-react-native-sdk,Kotlin,1.33.1,2021-09-28,False,84,https://github.com/braze-inc/braze-react-native-sdk/releases/tag/1.33.1,"company-own (technical, public VCS)"
braze-react-native-sdk,Kotlin,1.33.0,2021-09-24,False,727,https://github.com/braze-inc/braze-react-native-sdk/releases/tag/1.33.0,"company-own (technical, public VCS)"
braze-react-native-sdk,Kotlin,1.32.0,2021-08-19,False,303,https://github.com/braze-inc/braze-react-native-sdk/releases/tag/1.32.0,"company-own (technical, public VCS)"
braze-cordova-sdk,Kotlin,2.25.0,2021-08-17,False,251,https://github.com/braze-inc/braze-cordova-sdk/releases/tag/2.25.0,"company-own (technical, public VCS)"
braze-xamarin-sdk,Objective-C,1.21.1,2021-08-17,False,143,https://github.com/braze-inc/braze-xamarin-sdk/releases/tag/1.21.1,"company-own (technical, public VCS)"
braze-xamarin-sdk,Objective-C,1.21.0,2021-08-13,False,314,https://github.com/braze-inc/braze-xamarin-sdk/releases/tag/1.21.0,"company-own (technical, public VCS)"
braze-react-native-sdk,Kotlin,1.31.0,2021-07-23,False,376,https://github.com/braze-inc/braze-react-native-sdk/releases/tag/1.31.0,"company-own (technical, public VCS)"
braze-cordova-sdk,Kotlin,2.24.0,2021-07-19,False,322,https://github.com/braze-inc/braze-cordova-sdk/releases/tag/2.24.0,"company-own (technical, public VCS)"
braze-react-native-sdk,Kotlin,1.30.0,2021-06-16,False,365,https://github.com/braze-inc/braze-react-native-sdk/releases/tag/1.30.0,"company-own (technical, public VCS)"
braze-react-native-sdk,Kotlin,1.29.1,2021-06-04,False,370,https://github.com/braze-inc/braze-react-native-sdk/releases/tag/1.29.1,"company-own (technical, public VCS)"
braze-react-native-sdk,Kotlin,1.29.0,2021-06-02,False,543,https://github.com/braze-inc/braze-react-native-sdk/releases/tag/1.29.0,"company-own (technical, public VCS)"
braze-react-native-sdk,Kotlin,1.28.0,2021-04-15,False,650,https://github.com/braze-inc/braze-react-native-sdk/releases/tag/1.28.0,"company-own (technical, public VCS)"
braze-react-native-sdk,Kotlin,1.27.0,2021-03-05,False,763,https://github.com/braze-inc/braze-react-native-sdk/releases/tag/1.27.0,"company-own (technical, public VCS)"
braze-xamarin-sdk,Objective-C,1.18.0,2021-02-26,False,114,https://github.com/braze-inc/braze-xamarin-sdk/releases/tag/1.18.0,"company-own (technical, public VCS)"
braze-react-native-sdk,Kotlin,1.26.0,2021-01-22,False,292,https://github.com/braze-inc/braze-react-native-sdk/releases/tag/1.26.0,"company-own (technical, public VCS)"
braze-cordova-sdk,Kotlin,2.21.0,2021-01-08,False,516,https://github.com/braze-inc/braze-cordova-sdk/releases/tag/2.21.0,"company-own (technical, public VCS)"
braze-cordova-sdk,Kotlin,2.20.0,2020-12-11,False,73,https://github.com/braze-inc/braze-cordova-sdk/releases/tag/2.20.0,"company-own (technical, public VCS)"
braze-react-native-sdk,Kotlin,1.25.0,2020-10-29,False,368,https://github.com/braze-inc/braze-react-native-sdk/releases/tag/1.25.0,"company-own (technical, public VCS)"
braze-xamarin-sdk,Objective-C,1.17.0,2020-10-28,False,114,https://github.com/braze-inc/braze-xamarin-sdk/releases/tag/1.17.0,"company-own (technical, public VCS)"
braze-react-native-sdk,Kotlin,1.24.0,2020-10-07,False,349,https://github.com/braze-inc/braze-react-native-sdk/releases/tag/1.24.0,"company-own (technical, public VCS)"
braze-cordova-sdk,Kotlin,2.18.0,2020-10-06,False,135,https://github.com/braze-inc/braze-cordova-sdk/releases/tag/2.18.0,"company-own (technical, public VCS)"
braze-cordova-sdk,Kotlin,2.17.0,2020-09-17,False,253,https://github.com/braze-inc/braze-cordova-sdk/releases/tag/2.17.0,"company-own (technical, public VCS)"
braze-xamarin-sdk,Objective-C,1.15.0,2020-09-17,False,457,https://github.com/braze-inc/braze-xamarin-sdk/releases/tag/1.15.0,"company-own (technical, public VCS)"
braze-react-native-sdk,Kotlin,1.23.0,2020-09-16,False,187,https://github.com/braze-inc/braze-react-native-sdk/releases/tag/1.23.0,"company-own (technical, public VCS)"
braze-xamarin-sdk,Objective-C,1.14.0,2020-08-13,False,149,https://github.com/braze-inc/braze-xamarin-sdk/releases/tag/1.14.0,"company-own (technical, public VCS)"
braze-react-native-sdk,Kotlin,1.22.0,2020-08-12,False,222,https://github.com/braze-inc/braze-react-native-sdk/releases/tag/1.22.0,"company-own (technical, public VCS)"
braze-react-native-sdk,Kotlin,1.21.0,2020-07-20,False,1192,https://github.com/braze-inc/braze-react-native-sdk/releases/tag/1.21.0,"company-own (technical, public VCS)"
braze-xamarin-sdk,Objective-C,1.12.0,2020-07-07,False,114,https://github.com/braze-inc/braze-xamarin-sdk/releases/tag/1.12.0,"company-own (technical, public VCS)"
braze-react-native-sdk,Kotlin,1.20.0,2020-04-22,False,290,https://github.com/braze-inc/braze-react-native-sdk/releases/tag/1.20.0,"company-own (technical, public VCS)"
braze-xamarin-sdk,Objective-C,1.11.0,2020-03-17,False,209,https://github.com/braze-inc/braze-xamarin-sdk/releases/tag/1.11.0,"company-own (technical, public VCS)"
braze-react-native-sdk,Kotlin,1.19.0,2020-02-06,False,278,https://github.com/braze-inc/braze-react-native-sdk/releases/tag/1.19.0,"company-own (technical, public VCS)"
braze-react-native-sdk,Kotlin,1.18.0,2019-12-06,False,446,https://github.com/braze-inc/braze-react-native-sdk/releases/tag/1.18.0,"company-own (technical, public VCS)"
braze-react-native-sdk,Kotlin,1.17.4,2019-10-16,False,123,https://github.com/braze-inc/braze-react-native-sdk/releases/tag/1.17.4,"company-own (technical, public VCS)"
braze-react-native-sdk,Kotlin,1.17.3,2019-09-23,False,444,https://github.com/braze-inc/braze-react-native-sdk/releases/tag/1.17.3,"company-own (technical, public VCS)"
braze-xamarin-sdk,Objective-C,1.10.2,2019-09-19,False,441,https://github.com/braze-inc/braze-xamarin-sdk/releases/tag/1.10.2,"company-own (technical, public VCS)"
braze-react-native-sdk,Kotlin,1.17.2,2019-09-19,False,441,https://github.com/braze-inc/braze-react-native-sdk/releases/tag/1.17.2,"company-own (technical, public VCS)"
braze-xamarin-sdk,Objective-C,1.10.1,2019-09-13,False,420,https://github.com/braze-inc/braze-xamarin-sdk/releases/tag/1.10.1,"company-own (technical, public VCS)"
braze-react-native-sdk,Kotlin,1.17.1,2019-09-13,False,420,https://github.com/braze-inc/braze-react-native-sdk/releases/tag/1.17.1,"company-own (technical, public VCS)"
braze-xamarin-sdk,Objective-C,1.10.0,2019-09-12,False,839,https://github.com/braze-inc/braze-xamarin-sdk/releases/tag/1.10.0,"company-own (technical, public VCS)"
braze-react-native-sdk,Kotlin,1.17.0,2019-09-12,False,1088,https://github.com/braze-inc/braze-react-native-sdk/releases/tag/1.17.0,"company-own (technical, public VCS)"
braze-xamarin-sdk,Objective-C,1.9.0,2019-09-11,False,1001,https://github.com/braze-inc/braze-xamarin-sdk/releases/tag/1.9.0,"company-own (technical, public VCS)"
braze-react-native-sdk,Kotlin,1.16.0,2019-09-10,False,1035,https://github.com/braze-inc/braze-react-native-sdk/releases/tag/1.16.0,"company-own (technical, public VCS)"
braze-react-native-sdk,Kotlin,1.15.0,2019-08-16,False,265,https://github.com/braze-inc/braze-react-native-sdk/releases/tag/1.15.0,"company-own (technical, public VCS)"
braze-react-native-sdk,Kotlin,1.14.0,2019-07-02,False,387,https://github.com/braze-inc/braze-react-native-sdk/releases/tag/1.14.0,"company-own (technical, public VCS)"
braze-react-native-sdk,Kotlin,1.13.10,2019-06-11,False,312,https://github.com/braze-inc/braze-react-native-sdk/releases/tag/1.13.10,"company-own (technical, public VCS)"
braze-xamarin-sdk,Objective-C,1.8.0,2019-05-20,False,265,https://github.com/braze-inc/braze-xamarin-sdk/releases/tag/1.8.0,"company-own (technical, public VCS)"
braze-react-native-sdk,Kotlin,1.12.0,2019-05-20,False,253,https://github.com/braze-inc/braze-react-native-sdk/releases/tag/1.12.0,"company-own (technical, public VCS)"
braze-xamarin-sdk,Objective-C,1.7.0,2019-04-03,False,1072,https://github.com/braze-inc/braze-xamarin-sdk/releases/tag/1.7.0,"company-own (technical, public VCS)"
braze-react-native-sdk,Kotlin,1.11.1,2019-03-28,False,371,https://github.com/braze-inc/braze-react-native-sdk/releases/tag/1.11.1,"company-own (technical, public VCS)"
braze-react-native-sdk,Kotlin,1.11.0,2019-03-19,False,1017,https://github.com/braze-inc/braze-react-native-sdk/releases/tag/1.11.0,"company-own (technical, public VCS)"
braze-react-native-sdk,Kotlin,1.10.0,2019-02-13,False,372,https://github.com/braze-inc/braze-react-native-sdk/releases/tag/1.10.0,"company-own (technical, public VCS)"
braze-xamarin-sdk,Objective-C,1.6.0,2019-01-10,False,276,https://github.com/braze-inc/braze-xamarin-sdk/releases/tag/1.6.0,"company-own (technical, public VCS)"
braze-react-native-sdk,Kotlin,1.9.0,2019-01-04,False,1248,https://github.com/braze-inc/braze-react-native-sdk/releases/tag/1.9.0,"company-own (technical, public VCS)"
braze-react-native-sdk,Kotlin,1.8.1,2018-09-12,False,135,https://github.com/braze-inc/braze-react-native-sdk/releases/tag/1.8.1,"company-own (technical, public VCS)"
braze-react-native-sdk,Kotlin,1.8.0,2018-08-28,False,636,https://github.com/braze-inc/braze-react-native-sdk/releases/tag/1.8.0,"company-own (technical, public VCS)"
braze-react-native-sdk,Kotlin,1.7.3,2018-08-13,False,243,https://github.com/braze-inc/braze-react-native-sdk/releases/tag/1.7.3,"company-own (technical, public VCS)"
braze-react-native-sdk,Kotlin,1.7.2,2018-08-13,False,129,https://github.com/braze-inc/braze-react-native-sdk/releases/tag/1.7.2,"company-own (technical, public VCS)"
braze-xamarin-sdk,Objective-C,1.5.2,2018-07-06,False,273,https://github.com/braze-inc/braze-xamarin-sdk/releases/tag/1.5.2,"company-own (technical, public VCS)"
braze-react-native-sdk,Kotlin,1.7.1,2018-06-26,False,77,https://github.com/braze-inc/braze-react-native-sdk/releases/tag/1.7.1,"company-own (technical, public VCS)"
braze-react-native-sdk,Kotlin,1.7.0,2018-06-25,False,818,https://github.com/braze-inc/braze-react-native-sdk/releases/tag/1.7.0,"company-own (technical, public VCS)"
braze-xamarin-sdk,Objective-C,1.5.1,2018-04-21,False,905,https://github.com/braze-inc/braze-xamarin-sdk/releases/tag/1.5.1,"company-own (technical, public VCS)"
braze-react-native-sdk,Kotlin,1.6.0,2018-04-06,False,1247,https://github.com/braze-inc/braze-react-native-sdk/releases/tag/1.6.0,"company-own (technical, public VCS)"
braze-react-native-sdk,Kotlin,1.5.2,2018-03-09,False,110,https://github.com/braze-inc/braze-react-native-sdk/releases/tag/1.5.2,"company-own (technical, public VCS)"
braze-xamarin-sdk,Objective-C,1.5,2018-01-11,False,1121,https://github.com/braze-inc/braze-xamarin-sdk/releases/tag/1.5,"company-own (technical, public VCS)"
braze-xamarin-sdk,Objective-C,1.4,2017-04-25,False,125,https://github.com/braze-inc/braze-xamarin-sdk/releases/tag/1.4,"company-own (technical, public VCS)"
braze-xamarin-sdk,Objective-C,1.3,2016-12-13,False,916,https://github.com/braze-inc/braze-xamarin-sdk/releases/tag/1.3,"company-own (technical, public VCS)"
braze-xamarin-sdk,Objective-C,1.2,2016-12-13,False,131,https://github.com/braze-inc/braze-xamarin-sdk/releases/tag/1.2,"company-own (technical, public VCS)"
braze-xamarin-sdk,Objective-C,1.1,2016-12-13,False,316,https://github.com/braze-inc/braze-xamarin-sdk/releases/tag/1.1,"company-own (technical, public VCS)"
braze-xamarin-sdk,Objective-C,1.0,2016-12-13,False,337,https://github.com/braze-inc/braze-xamarin-sdk/releases/tag/1.0,"company-own (technical, public VCS)"
